{
  "type": "FeatureCollection",
  "name": "desm disp int",
  "crs": {
    "type": "name",
    "properties": {
      "name": "urn:ogc:def:crs:OGC:1.3:CRS84"
    }
  },
  "features": [
    {
      "type": "Feature",
      "properties": {
        "ANO ENTRADA": 2020,
        "ÁREA TOTAL DA GLEBA/M²": 4475.72,
        "DATA DO CERTIFICADO": "2020-10-06",
        "EXPEDIENTE DISPENSA": "346/2020-D",
        "LOCALIZAÇÃO/ENDEREÇO": "ALAMEDA LAVAPÉS, BAIRRO LAVAPÉS",
        "MUNICIPIO": "CUNHA",
        "Nº DE UNIDADES HABITACIONAIS": 4,
        "PROPRIETARIO": "GABRIELA CASEMIRO DA ROCHA HIRSCHFELD CAMPOLONGO E OUTROS",
        "SITUAÇÃO": "DISPENSADO",
        "TIPOLOGIA DA CONSTRUÇÃO": "HORIZONTAL"
      },
      "geometry": {
        "type": "MultiPolygon",
        "coordinates": [
          [
            [
              [
                -44.96536144846211,
                -23.077999558522677
              ],
              [
                -44.965193979202375,
                -23.077984334044512
              ],
              [
                -44.96485904068291,
                -23.078086555540715
              ],
              [
                -44.96480031769573,
                -23.078510666003684
              ],
              [
                -44.96531577502764,
                -23.0785498146618
              ],
              [
                -44.96536144846211,
                -23.077999558522677
              ]
            ]
          ]
        ]
      }
    },
    {
      "type": "Feature",
      "properties": {
        "ANO ENTRADA": 2020,
        "ÁREA TOTAL DA GLEBA/M²": 2862.17,
        "DATA DO CERTIFICADO": "2021-01-12",
        "EXPEDIENTE DISPENSA": "578/2020-D",
        "LOCALIZAÇÃO/ENDEREÇO": "AVENIDA BRASÍLIA, RUA DOM PEDRO I E RUA JOSÉ DE ANDRADE JUNQUEIRA",
        "MUNICIPIO": "MONTE APRAZIVEL",
        "Nº DE UNIDADES HABITACIONAIS": 18,
        "PROPRIETARIO": "RAFAEL LIMA DO AMARAL E HERIDA CARLA SCREMIN DO AMARAL",
        "SITUAÇÃO": "DISPENSADO",
        "TIPOLOGIA DA CONSTRUÇÃO": "HORIZONTAL"
      },
      "geometry": {
        "type": "MultiPolygon",
        "coordinates": [
          [
            [
              [
                -49.7167990311707,
                -20.775815771191915
              ],
              [
                -49.71709919511942,
                -20.775793700313326
              ],
              [
                -49.71707712424083,
                -20.77631015887214
              ],
              [
                -49.7170418108351,
                -20.776418306177185
              ],
              [
                -49.716988840726515,
                -20.77649334716437
              ],
              [
                -49.716924835178624,
                -20.776544110185103
              ],
              [
                -49.71679020281927,
                -20.776623565347993
              ],
              [
                -49.716637913757054,
                -20.776691985071597
              ],
              [
                -49.71655183733059,
                -20.776672121280892
              ],
              [
                -49.71654521606701,
                -20.77648451881293
              ],
              [
                -49.7167990311707,
                -20.776343265190008
              ],
              [
                -49.716900557212185,
                -20.776360921892877
              ],
              [
                -49.71691821391505,
                -20.776217461182096
              ],
              [
                -49.71684096584001,
                -20.77621525409424
              ],
              [
                -49.71685862254287,
                -20.776111520964903
              ],
              [
                -49.71675047523782,
                -20.776107106789176
              ],
              [
                -49.7167990311707,
                -20.775815771191915
              ]
            ]
          ]
        ]
      }
    },
    {
      "type": "Feature",
      "properties": {
        "ANO ENTRADA": 2021,
        "ÁREA TOTAL DA GLEBA/M²": 32878.91,
        "DATA DO CERTIFICADO": "2021-10-05",
        "EXPEDIENTE DISPENSA": "540/2021-D",
        "LOCALIZAÇÃO/ENDEREÇO": "AV. DO CURSINO, S/N.° X RUA PROFESSOR ARTHUR PRIMAVESI X RUA ERCÍLIO CONTRUCCI X RUA DOUTOR EUGÊNIO MAIA DE ANDRADE, QUADRA 25, JARDIM IMPERADOR, SAÚDE",
        "MUNICIPIO": "SAO PAULO",
        "Nº DE UNIDADES HABITACIONAIS": 4,
        "PROPRIETARIO": "FERNANDA FERRAZ DAL LAGO",
        "SITUAÇÃO": "DISPENSADO",
        "TIPOLOGIA DA CONSTRUÇÃO": "HORIZONTAL"
      },
      "geometry": {
        "type": "MultiPolygon",
        "coordinates": [
          [
            [
              [
                -46.61304707941807,
                -23.647046084847123
              ],
              [
                -46.61317130870987,
                -23.64675441607504
              ],
              [
                -46.613241525266105,
                -23.64651946067534
              ],
              [
                -46.613252327813214,
                -23.646119766432136
              ],
              [
                -46.61239352531771,
                -23.644909881155442
              ],
              [
                -46.61236651894991,
                -23.644936887523215
              ],
              [
                -46.612290901120126,
                -23.64479645441075
              ],
              [
                -46.61215586928121,
                -23.64479645441076
              ],
              [
                -46.612047843810075,
                -23.644677626392493
              ],
              [
                -46.612177474375436,
                -23.644612811109813
              ],
              [
                -46.61197762725383,
                -23.64435354997911
              ],
              [
                -46.61179938522647,
                -23.644823460778532
              ],
              [
                -46.61043286301663,
                -23.644159104131063
              ],
              [
                -46.61084335980695,
                -23.643564964039843
              ],
              [
                -46.61250155078884,
                -23.644191511772405
              ],
              [
                -46.61273380555179,
                -23.644774849316526
              ],
              [
                -46.612949856494055,
                -23.64469383021317
              ],
              [
                -46.613268531633885,
                -23.645374390681326
              ],
              [
                -46.61350078639683,
                -23.645822696386528
              ],
              [
                -46.613554799132395,
                -23.646146772799923
              ],
              [
                -46.613673627150646,
                -23.6465626708638
              ],
              [
                -46.61365202205642,
                -23.646956963833418
              ],
              [
                -46.61363581823575,
                -23.6472594351526
              ],
              [
                -46.61304707941807,
                -23.647046084847123
              ]
            ]
          ]
        ]
      }
    },
    {
      "type": "Feature",
      "properties": {
        "ANO ENTRADA": 2022,
        "ÁREA TOTAL DA GLEBA/M²": 4445.3,
        "DATA DO CERTIFICADO": "2022-02-15",
        "EXPEDIENTE DISPENSA": "73/2022-D",
        "LOCALIZAÇÃO/ENDEREÇO": "AVENIDA DOS BANCÁRIOS, LADO PAR, RUA TIÊTE, LADO PAR, RUA TOCANTINS, LADO ÍMPAR E RUA MANOEL MENDES BOTELHO, LADO ÍMPAR, LOTE 01, QUADRA 25",
        "MUNICIPIO": "VOTUPORANGA",
        "Nº DE UNIDADES HABITACIONAIS": 16,
        "PROPRIETARIO": "DE HARO IMÓVEIS E PARTICIPAÇÕES LTDA",
        "SITUAÇÃO": "DISPENSADO",
        "TIPOLOGIA DA CONSTRUÇÃO": "HORIZONTAL"
      },
      "geometry": {
        "type": "MultiPolygon",
        "coordinates": [
          [
            [
              [
                -49.95875576712455,
                -20.421785857790866
              ],
              [
                -49.95861188385078,
                -20.42176095491655
              ],
              [
                -49.958589747962506,
                -20.421774789846726
              ],
              [
                -49.958573146046305,
                -20.42181629463724
              ],
              [
                -49.958423728800476,
                -20.422602118670902
              ],
              [
                -49.95844863167477,
                -20.422668526335723
              ],
              [
                -49.95852057331167,
                -20.422687895237967
              ],
              [
                -49.9590767375045,
                -20.422773671805018
              ],
              [
                -49.95909610640674,
                -20.42275706988882
              ],
              [
                -49.95908227147657,
                -20.42271279811227
              ],
              [
                -49.95875576712455,
                -20.421785857790866
              ]
            ]
          ]
        ]
      }
    },
    {
      "type": "Feature",
      "properties": {
        "ANO ENTRADA": 2022,
        "ÁREA TOTAL DA GLEBA/M²": 5217.65,
        "DATA DO CERTIFICADO": "2022-02-15",
        "EXPEDIENTE DISPENSA": "74/2022-D",
        "LOCALIZAÇÃO/ENDEREÇO": "RUA MANOEL MENDES BOTELHO, LADO PAR, RUA TIETÊ, LADO PAR, RUA TOCANTINS, LADO IMPAR E RUA ALCEBIADES GIRALDES MARTINS, LADO IMPAR",
        "MUNICIPIO": "VOTUPORANGA",
        "Nº DE UNIDADES HABITACIONAIS": 20,
        "PROPRIETARIO": "DE HARO IMÓVEIS E PARTICIPAÇÕES LTDA",
        "SITUAÇÃO": "DISPENSADO",
        "TIPOLOGIA DA CONSTRUÇÃO": "HORIZONTAL"
      },
      "geometry": {
        "type": "MultiPolygon",
        "coordinates": [
          [
            [
              [
                -49.95844586468874,
                -20.42178309080483
              ],
              [
                -49.958321350317206,
                -20.42257168182454
              ],
              [
                -49.958313049359106,
                -20.422596584698844
              ],
              [
                -49.958285379498754,
                -20.422627021545217
              ],
              [
                -49.958249408680324,
                -20.42263255551728
              ],
              [
                -49.95786203063555,
                -20.42257721579661
              ],
              [
                -49.9578260598171,
                -20.422552312922285
              ],
              [
                -49.9578260598171,
                -20.422524643061948
              ],
              [
                -49.957826059817116,
                -20.422483138271456
              ],
              [
                -49.95791737035622,
                -20.42190276295081
              ],
              [
                -49.95795057418862,
                -20.421714607900498
              ],
              [
                -49.95796579261181,
                -20.421689705026186
              ],
              [
                -49.95799622945819,
                -20.421666185644902
              ],
              [
                -49.95802804979758,
                -20.421659268179805
              ],
              [
                -49.9584029764052,
                -20.421727059337655
              ],
              [
                -49.95841681133537,
                -20.421733976802734
              ],
              [
                -49.958436180237605,
                -20.421742277760842
              ],
              [
                -49.9584444811957,
                -20.421753345704968
              ],
              [
                -49.95844724818174,
                -20.421756112691
              ],
              [
                -49.95844586468874,
                -20.42178309080483
              ]
            ]
          ]
        ]
      }
    },
    {
      "type": "Feature",
      "properties": {
        "ANO ENTRADA": 2021,
        "ÁREA TOTAL DA GLEBA/M²": 4326.08,
        "DATA DO CERTIFICADO": "2022-02-22",
        "EXPEDIENTE DISPENSA": "780/2021-D",
        "LOCALIZAÇÃO/ENDEREÇO": "RUA AGENOR VEIGA, ANTIGA CHÁCARA BELA VISTA",
        "MUNICIPIO": "ITARARE",
        "Nº DE UNIDADES HABITACIONAIS": 28,
        "PROPRIETARIO": "PREFEITURA MUNICIPAL ITARARÉ",
        "SITUAÇÃO": "DISPENSADO",
        "TIPOLOGIA DA CONSTRUÇÃO": "HORIZONTAL"
      },
      "geometry": {
        "type": "MultiPolygon",
        "coordinates": [
          [
            [
              [
                -49.310282153200276,
                -24.09726125861603
              ],
              [
                -49.3101534883497,
                -24.09749783592194
              ],
              [
                -49.30848914625022,
                -24.096634536279307
              ],
              [
                -49.308588757747444,
                -24.09645191520106
              ],
              [
                -49.30985880433707,
                -24.097103540412075
              ],
              [
                -49.31012028451728,
                -24.097228054783624
              ],
              [
                -49.31017424074495,
                -24.097261258616022
              ],
              [
                -49.310282153200276,
                -24.09726125861603
              ]
            ]
          ]
        ]
      }
    },
    {
      "type": "Feature",
      "properties": {
        "ANO ENTRADA": 2022,
        "ÁREA TOTAL DA GLEBA/M²": 6918.27,
        "DATA DO CERTIFICADO": "2022-02-22",
        "EXPEDIENTE DISPENSA": "62/2022-D",
        "LOCALIZAÇÃO/ENDEREÇO": "AVENIDA JOSÉ FERNANDO PIGATTO, S/N°, NOVA VENEZA",
        "MUNICIPIO": "PAULINIA",
        "Nº DE UNIDADES HABITACIONAIS": 25,
        "PROPRIETARIO": "MORRO AZUL CONSTRUÇÕES E COMÉRCIO LTDA",
        "SITUAÇÃO": "DISPENSADO",
        "TIPOLOGIA DA CONSTRUÇÃO": "HORIZONTAL"
      },
      "geometry": {
        "type": "MultiPolygon",
        "coordinates": [
          [
            [
              [
                -47.199315303996976,
                -22.759943704530915
              ],
              [
                -47.196945380458814,
                -22.760981324293667
              ],
              [
                -47.19679596321298,
                -22.760931518545053
              ],
              [
                -47.19675030794341,
                -22.76087341183835
              ],
              [
                -47.196729555548174,
                -22.760794552736378
              ],
              [
                -47.19674200698532,
                -22.76074474698777
              ],
              [
                -47.196858220398745,
                -22.760694941239148
              ],
              [
                -47.19836484429428,
                -22.76001011219573
              ],
              [
                -47.199315303996976,
                -22.759943704530915
              ]
            ]
          ]
        ]
      }
    },
    {
      "type": "Feature",
      "properties": {
        "ANO ENTRADA": 2022,
        "ÁREA TOTAL DA GLEBA/M²": 4101.42,
        "DATA DO CERTIFICADO": "2022-03-08",
        "EXPEDIENTE DISPENSA": "14/2022-D",
        "LOCALIZAÇÃO/ENDEREÇO": "RUA VEREADOR ÉZIO TADEU LIMA, S/N°",
        "MUNICIPIO": "SANTO ANTONIO DA ALEGRIA",
        "Nº DE UNIDADES HABITACIONAIS": 22,
        "PROPRIETARIO": "VICENTE FIRMINO MANÇO E ALZIRA RODRIGUES ALECRIM MANÇO",
        "SITUAÇÃO": "DISPENSADO",
        "TIPOLOGIA DA CONSTRUÇÃO": "HORIZONTAL"
      },
      "geometry": {
        "type": "MultiPolygon",
        "coordinates": [
          [
            [
              [
                -47.15710611712855,
                -21.090972985988376
              ],
              [
                -47.15712631282014,
                -21.09094544640892
              ],
              [
                -47.15716119628743,
                -21.090938102521065
              ],
              [
                -47.157192407810804,
                -21.09094544640892
              ],
              [
                -47.15726033877342,
                -21.09098216584819
              ],
              [
                -47.157976367838906,
                -21.091542137296834
              ],
              [
                -47.15800390741835,
                -21.09158620062393
              ],
              [
                -47.1579910556146,
                -21.091608232287488
              ],
              [
                -47.15780011453049,
                -21.091837728782842
              ],
              [
                -47.15777991883889,
                -21.091863432390316
              ],
              [
                -47.15774319939963,
                -21.09186894030621
              ],
              [
                -47.15766976052113,
                -21.09183405683891
              ],
              [
                -47.15696107534349,
                -21.09126123358652
              ],
              [
                -47.15693537173601,
                -21.091231858035123
              ],
              [
                -47.15692435590423,
                -21.091207990399614
              ],
              [
                -47.15692802784816,
                -21.091169434988387
              ],
              [
                -47.15710611712855,
                -21.090972985988376
              ]
            ]
          ]
        ]
      }
    },
    {
      "type": "Feature",
      "properties": {
        "ANO ENTRADA": 2022,
        "ÁREA TOTAL DA GLEBA/M²": 7629.27,
        "DATA DO CERTIFICADO": "2022-03-08",
        "EXPEDIENTE DISPENSA": "121/2022-D",
        "LOCALIZAÇÃO/ENDEREÇO": "RUA ANTÔNIO IZA PEREIRA",
        "MUNICIPIO": "JOSE BONIFACIO",
        "Nº DE UNIDADES HABITACIONAIS": 14,
        "PROPRIETARIO": "PARRA & MAPELLI PARTICIPAÇÕES E EMPREENDIMENTOS LTDA",
        "SITUAÇÃO": "DISPENSADO",
        "TIPOLOGIA DA CONSTRUÇÃO": "HORIZONTAL"
      },
      "geometry": {
        "type": "MultiPolygon",
        "coordinates": [
          [
            [
              [
                -49.68186315744277,
                -21.070776376411775
              ],
              [
                -49.681593269564246,
                -21.071051772206204
              ],
              [
                -49.68027412370898,
                -21.070178767537897
              ],
              [
                -49.680689971358554,
                -21.069779443635987
              ],
              [
                -49.68186315744277,
                -21.070776376411775
              ]
            ]
          ]
        ]
      }
    },
    {
      "type": "Feature",
      "properties": {
        "ANO ENTRADA": 2022,
        "ÁREA TOTAL DA GLEBA/M²": 4094.86,
        "DATA DO CERTIFICADO": "2022-03-15",
        "EXPEDIENTE DISPENSA": "87/2022-D",
        "LOCALIZAÇÃO/ENDEREÇO": "RUA CACILDA DE ARRUDA NOVAES RIBAS, S/N°",
        "MUNICIPIO": "ITARARE",
        "Nº DE UNIDADES HABITACIONAIS": 14,
        "PROPRIETARIO": "KLOCKER INCORPORAÇÃO DE IMÓVEIS LTDA",
        "SITUAÇÃO": "DISPENSADO",
        "TIPOLOGIA DA CONSTRUÇÃO": "HORIZONTAL"
      },
      "geometry": {
        "type": "MultiPolygon",
        "coordinates": [
          [
            [
              [
                -49.334508277920946,
                -24.107337222952797
              ],
              [
                -49.33397217410781,
                -24.10723808046681
              ],
              [
                -49.33388037550967,
                -24.10776684039209
              ],
              [
                -49.33456335707983,
                -24.10792840592481
              ],
              [
                -49.33464413984618,
                -24.107568555420116
              ],
              [
                -49.334456870705985,
                -24.10753550792479
              ],
              [
                -49.334508277920946,
                -24.107337222952797
              ]
            ]
          ]
        ]
      }
    },
    {
      "type": "Feature",
      "properties": {
        "ANO ENTRADA": 2022,
        "ÁREA TOTAL DA GLEBA/M²": 1790.5,
        "DATA DO CERTIFICADO": "2022-03-15",
        "EXPEDIENTE DISPENSA": "158/2022-D",
        "LOCALIZAÇÃO/ENDEREÇO": "RUA MÁRIO BRIGATTI, QUADRA 02",
        "MUNICIPIO": "PIACATU",
        "Nº DE UNIDADES HABITACIONAIS": 11,
        "PROPRIETARIO": "MUNICÍPIO DE PIACATU",
        "SITUAÇÃO": "DISPENSADO",
        "TIPOLOGIA DA CONSTRUÇÃO": "HORIZONTAL"
      },
      "geometry": {
        "type": "MultiPolygon",
        "coordinates": [
          [
            [
              [
                -50.59603398910744,
                -21.585694450068296
              ],
              [
                -50.596219881268674,
                -21.585620093203797
              ],
              [
                -50.59640715040887,
                -21.5860194171057
              ],
              [
                -50.596396134577105,
                -21.586041448769258
              ],
              [
                -50.59585773579901,
                -21.586238356762262
              ],
              [
                -50.59579852570321,
                -21.586057972516915
              ],
              [
                -50.596123492740624,
                -21.585935421388406
              ],
              [
                -50.59603398910744,
                -21.585694450068296
              ]
            ]
          ]
        ]
      }
    },
    {
      "type": "Feature",
      "properties": {
        "ANO ENTRADA": 2021,
        "ÁREA TOTAL DA GLEBA/M²": 7231.87,
        "DATA DO CERTIFICADO": "2022-03-22",
        "EXPEDIENTE DISPENSA": "636/2021-D",
        "LOCALIZAÇÃO/ENDEREÇO": "RUA PADRE CAETANO MARIA DOLCIMASCULO, S/N°",
        "MUNICIPIO": "ADAMANTINA",
        "Nº DE UNIDADES HABITACIONAIS": 28,
        "PROPRIETARIO": "LRG CONSTRUÇÕES E EMPREENDIMENTOS EIRELI",
        "SITUAÇÃO": "DISPENSADO",
        "TIPOLOGIA DA CONSTRUÇÃO": "HORIZONTAL"
      },
      "geometry": {
        "type": "MultiPolygon",
        "coordinates": [
          [
            [
              [
                -51.05843101526077,
                -21.669313391494995
              ],
              [
                -51.05862207109314,
                -21.66918559063414
              ],
              [
                -51.06026282759956,
                -21.671444696760222
              ],
              [
                -51.06003723971639,
                -21.6715560384193
              ],
              [
                -51.05843101526077,
                -21.669313391494995
              ]
            ]
          ]
        ]
      }
    },
    {
      "type": "Feature",
      "properties": {
        "ANO ENTRADA": 2022,
        "ÁREA TOTAL DA GLEBA/M²": 4122.82,
        "DATA DO CERTIFICADO": "2022-03-22",
        "EXPEDIENTE DISPENSA": "125/2022-D",
        "LOCALIZAÇÃO/ENDEREÇO": "RUA GETÚLIO VARGAS, CENTRO",
        "MUNICIPIO": "JARDINOPOLIS",
        "Nº DE UNIDADES HABITACIONAIS": 15,
        "PROPRIETARIO": "NOVA DIMENSAO EMPREENDIMENTOS IMOBILIÁRIOS LTDA",
        "SITUAÇÃO": "DISPENSADO",
        "TIPOLOGIA DA CONSTRUÇÃO": "HORIZONTAL"
      },
      "geometry": {
        "type": "MultiPolygon",
        "coordinates": [
          [
            [
              [
                -47.767799351205106,
                -21.025858404355997
              ],
              [
                -47.76786973013035,
                -21.025824744870018
              ],
              [
                -47.76788961982662,
                -21.025824744870015
              ],
              [
                -47.76791409945279,
                -21.02583239475319
              ],
              [
                -47.76792021935932,
                -21.02584157461301
              ],
              [
                -47.7680778069528,
                -21.026201119122394
              ],
              [
                -47.768090046765884,
                -21.02622712872519
              ],
              [
                -47.768090046765884,
                -21.026248548398097
              ],
              [
                -47.76807321702289,
                -21.02627455800089
              ],
              [
                -47.76805485730326,
                -21.02628679781398
              ],
              [
                -47.768018137864004,
                -21.026305157533617
              ],
              [
                -47.76740308725647,
                -21.02654995379531
              ],
              [
                -47.76736942777049,
                -21.026557603678476
              ],
              [
                -47.767331178354596,
                -21.026551483771946
              ],
              [
                -47.76729751886861,
                -21.026534654028964
              ],
              [
                -47.767277629172355,
                -21.026516294309324
              ],
              [
                -47.76713840129851,
                -21.026202649099012
              ],
              [
                -47.76713534134523,
                -21.026156749799956
              ],
              [
                -47.767158290994765,
                -21.026113910454153
              ],
              [
                -47.76720113034057,
                -21.02608637087471
              ],
              [
                -47.767799351205106,
                -21.025858404355997
              ]
            ]
          ]
        ]
      }
    },
    {
      "type": "Feature",
      "properties": {
        "ANO ENTRADA": 2022,
        "ÁREA TOTAL DA GLEBA/M²": 5650.31,
        "DATA DO CERTIFICADO": "2022-03-22",
        "EXPEDIENTE DISPENSA": "136/2022-D",
        "LOCALIZAÇÃO/ENDEREÇO": "RUA VITOR SERGIO DA SILVA, S/N°, BAIRRO AVIAÇAO",
        "MUNICIPIO": "BURITAMA",
        "Nº DE UNIDADES HABITACIONAIS": 27,
        "PROPRIETARIO": "VIVATI EMPREENDIMENTOS IMOBILIÁRIOS LTDA",
        "SITUAÇÃO": "DISPENSADO",
        "TIPOLOGIA DA CONSTRUÇÃO": "HORIZONTAL"
      },
      "geometry": {
        "type": "MultiPolygon",
        "coordinates": [
          [
            [
              [
                -50.13493846626482,
                -21.052769354647662
              ],
              [
                -50.136473797818695,
                -21.05453877262678
              ],
              [
                -50.13623282649857,
                -21.05462655503626
              ],
              [
                -50.134687167602394,
                -21.052855415833413
              ],
              [
                -50.13493846626482,
                -21.052769354647662
              ]
            ]
          ]
        ]
      }
    },
    {
      "type": "Feature",
      "properties": {
        "ANO ENTRADA": 2022,
        "ÁREA TOTAL DA GLEBA/M²": 8748.45,
        "DATA DO CERTIFICADO": "2022-03-22",
        "EXPEDIENTE DISPENSA": "166/2022-D",
        "LOCALIZAÇÃO/ENDEREÇO": "RUA DR. CARLOS EDUARDO BENEDITO JORGE, RUA DR. RAUL JOSÉ DE ANDRADE VIANNA (CONTINUIDADE DA 6), RUA DR. DIOMAR CHIMELLO E RUA JAQUELINE DA SILVA CAIRES, LOTEAMENTO HORIZON CATANDUVA",
        "MUNICIPIO": "CATANDUVA",
        "Nº DE UNIDADES HABITACIONAIS": 30,
        "PROPRIETARIO": "TERRA VIIV EMPREENDIMENTOS IMOBILIÁRIOS SPE LTDA",
        "SITUAÇÃO": "DISPENSADO",
        "TIPOLOGIA DA CONSTRUÇÃO": "HORIZONTAL"
      },
      "geometry": {
        "type": "MultiPolygon",
        "coordinates": [
          [
            [
              [
                -49.010499445748714,
                -21.136945370131265
              ],
              [
                -49.010526555022224,
                -21.13696860665142
              ],
              [
                -49.01054979154238,
                -21.13697247940477
              ],
              [
                -49.01058464632261,
                -21.136984097664854
              ],
              [
                -49.010646610376355,
                -21.136949242884626
              ],
              [
                -49.01166127175641,
                -21.13616307395274
              ],
              [
                -49.011684508276566,
                -21.136143710185948
              ],
              [
                -49.011688381029934,
                -21.13611660091245
              ],
              [
                -49.0116612717564,
                -21.13607012787214
              ],
              [
                -49.01148699785526,
                -21.135849380930672
              ],
              [
                -49.01145988858174,
                -21.135822271657155
              ],
              [
                -49.01143277930823,
                -21.135810653397073
              ],
              [
                -49.011386306267916,
                -21.13581839890379
              ],
              [
                -49.01017413446657,
                -21.13643416668788
              ],
              [
                -49.01014702519304,
                -21.13647676697483
              ],
              [
                -49.01013927968632,
                -21.136507749001705
              ],
              [
                -49.01015864345312,
                -21.136538731028576
              ],
              [
                -49.010499445748714,
                -21.136945370131265
              ]
            ]
          ]
        ]
      }
    },
    {
      "type": "Feature",
      "properties": {
        "ANO ENTRADA": 2022,
        "ÁREA TOTAL DA GLEBA/M²": 1092.28,
        "DATA DO CERTIFICADO": "2022-03-22",
        "EXPEDIENTE DISPENSA": "173/2022-D",
        "LOCALIZAÇÃO/ENDEREÇO": "RUA ANTÔNIO IZA PEREIRA",
        "MUNICIPIO": "JOSE BONIFACIO",
        "Nº DE UNIDADES HABITACIONAIS": 3,
        "PROPRIETARIO": "PARRA & MAPELLI PARTICIPAÇÕES E EMPREENDIMENTOS LTDA",
        "SITUAÇÃO": "DISPENSADO",
        "TIPOLOGIA DA CONSTRUÇÃO": "HORIZONTAL"
      },
      "geometry": {
        "type": "MultiPolygon",
        "coordinates": [
          [
            [
              [
                -49.68152682136662,
                -21.071114614205545
              ],
              [
                -49.68127993333997,
                -21.071359081761333
              ],
              [
                -49.68110081849712,
                -21.071250160573104
              ],
              [
                -49.681296876635926,
                -21.070964545012885
              ],
              [
                -49.68152682136662,
                -21.071114614205545
              ]
            ]
          ]
        ]
      }
    },
    {
      "type": "Feature",
      "properties": {
        "ANO ENTRADA": 2022,
        "ÁREA TOTAL DA GLEBA/M²": 4330.04,
        "DATA DO CERTIFICADO": "2022-03-29",
        "EXPEDIENTE DISPENSA": "174/2022-D",
        "LOCALIZAÇÃO/ENDEREÇO": "RUA ANTÔNIO IZA PEREIRA, S/N°",
        "MUNICIPIO": "JOSE BONIFACIO",
        "Nº DE UNIDADES HABITACIONAIS": 10,
        "PROPRIETARIO": "PARRA & MAPELLI PARTICIPAÇÕES E EMPREENDIMENTOS LTDA",
        "SITUAÇÃO": "DISPENSADO",
        "TIPOLOGIA DA CONSTRUÇÃO": "HORIZONTAL"
      },
      "geometry": {
        "type": "MultiPolygon",
        "coordinates": [
          [
            [
              [
                -49.68036687393615,
                -21.07032547748273
              ],
              [
                -49.680203173048774,
                -21.070532257550997
              ],
              [
                -49.68047241792932,
                -21.070726113864993
              ],
              [
                -49.68046380209315,
                -21.071047053762605
              ],
              [
                -49.68087305431159,
                -21.071279681339416
              ],
              [
                -49.6811401452331,
                -21.070874737039066
              ],
              [
                -49.68036687393615,
                -21.07032547748273
              ]
            ]
          ]
        ]
      }
    },
    {
      "type": "Feature",
      "properties": {
        "ANO ENTRADA": 2022,
        "ÁREA TOTAL DA GLEBA/M²": 1600,
        "DATA DO CERTIFICADO": "2022-04-05",
        "EXPEDIENTE DISPENSA": "160/2022-D",
        "LOCALIZAÇÃO/ENDEREÇO": "RUA DANILO CESAR CEZÁRIO GUIMARAES, S/N°",
        "MUNICIPIO": "JACI",
        "Nº DE UNIDADES HABITACIONAIS": 10,
        "PROPRIETARIO": "NILO EMPREENDIMENTOS IMOBILIÁRIOS MIRASSOL LTDA",
        "SITUAÇÃO": "DISPENSADO",
        "TIPOLOGIA DA CONSTRUÇÃO": "HORIZONTAL"
      },
      "geometry": {
        "type": "MultiPolygon",
        "coordinates": [
          [
            [
              [
                -49.56552840793385,
                -20.873359237164582
              ],
              [
                -49.5655518886379,
                -20.87316747808151
              ],
              [
                -49.56642556650103,
                -20.87328096815108
              ],
              [
                -49.56640404252232,
                -20.873477619047488
              ],
              [
                -49.56552840793385,
                -20.873359237164582
              ]
            ]
          ]
        ]
      }
    },
    {
      "type": "Feature",
      "properties": {
        "ANO ENTRADA": 2022,
        "ÁREA TOTAL DA GLEBA/M²": 7501.4,
        "DATA DO CERTIFICADO": "2022-04-05",
        "EXPEDIENTE DISPENSA": "172/2022-D",
        "LOCALIZAÇÃO/ENDEREÇO": "RUA ÂNGELO GRANDO, \"ANGELAO\", BAIRRO CHAVE BARROS",
        "MUNICIPIO": "CERQUILHO",
        "Nº DE UNIDADES HABITACIONAIS": 4,
        "PROPRIETARIO": "PEDRO AURÉLIO PERSONE E EDI BENEDITA CATTO PERSONE",
        "SITUAÇÃO": "DISPENSADO",
        "TIPOLOGIA DA CONSTRUÇÃO": "HORIZONTAL"
      },
      "geometry": {
        "type": "MultiPolygon",
        "coordinates": [
          [
            [
              [
                -47.734507998041494,
                -23.185598087641242
              ],
              [
                -47.73280858208598,
                -23.18569054291344
              ],
              [
                -47.73311676632661,
                -23.185263487608538
              ],
              [
                -47.73450799804149,
                -23.18520185076044
              ],
              [
                -47.734507998041494,
                -23.185598087641242
              ]
            ]
          ]
        ]
      }
    },
    {
      "type": "Feature",
      "properties": {
        "ANO ENTRADA": 2022,
        "ÁREA TOTAL DA GLEBA/M²": 3617.57,
        "DATA DO CERTIFICADO": "2022-04-12",
        "EXPEDIENTE DISPENSA": "105/2022-D",
        "LOCALIZAÇÃO/ENDEREÇO": "AVENIDA FIORAVANTE CENEDESE, DISTRITO DE ARTEMIS",
        "MUNICIPIO": "PIRACICABA",
        "Nº DE UNIDADES HABITACIONAIS": 11,
        "PROPRIETARIO": "LUIZ MANOEL CERSOSIMO E ROSA MARIA SEGHESE CERSOSIMO",
        "SITUAÇÃO": "DISPENSADO",
        "TIPOLOGIA DA CONSTRUÇÃO": "HORIZONTAL"
      },
      "geometry": {
        "type": "MultiPolygon",
        "coordinates": [
          [
            [
              [
                -47.77485282348677,
                -22.68755277079942
              ],
              [
                -47.7748632711389,
                -22.687641575842544
              ],
              [
                -47.77485108221141,
                -22.687695555378554
              ],
              [
                -47.774830186907145,
                -22.687739087262436
              ],
              [
                -47.774784913747915,
                -22.687753017465276
              ],
              [
                -47.77441924592333,
                -22.68786794163872
              ],
              [
                -47.77433740598163,
                -22.687860976537287
              ],
              [
                -47.77428516772098,
                -22.68783137485626
              ],
              [
                -47.7739891509106,
                -22.686882379787686
              ],
              [
                -47.773994374736674,
                -22.686864967034136
              ],
              [
                -47.77401527004093,
                -22.686842330454525
              ],
              [
                -47.77431302812667,
                -22.686746560309984
              ],
              [
                -47.774401833169776,
                -22.687037353294304
              ],
              [
                -47.77433044088022,
                -22.687058248598564
              ],
              [
                -47.77453417009677,
                -22.687657247320743
              ],
              [
                -47.77485282348677,
                -22.68755277079942
              ]
            ]
          ]
        ]
      }
    },
    {
      "type": "Feature",
      "properties": {
        "ANO ENTRADA": 2022,
        "ÁREA TOTAL DA GLEBA/M²": 11212.48,
        "DATA DO CERTIFICADO": "2022-04-12",
        "EXPEDIENTE DISPENSA": "210/2022-D",
        "LOCALIZAÇÃO/ENDEREÇO": "RUA BENEDITO CORRÊA",
        "MUNICIPIO": "PRATANIA",
        "Nº DE UNIDADES HABITACIONAIS": 74,
        "PROPRIETARIO": "CHIAFARELI CONSULTORIA LTDA",
        "SITUAÇÃO": "DISPENSADO",
        "TIPOLOGIA DA CONSTRUÇÃO": "HORIZONTAL"
      },
      "geometry": {
        "type": "MultiPolygon",
        "coordinates": [
          [
            [
              [
                -48.672997057152095,
                -22.81170634299595
              ],
              [
                -48.67325875859463,
                -22.811885401877685
              ],
              [
                -48.6717092105796,
                -22.815714507194812
              ],
              [
                -48.671481943537394,
                -22.81563875151407
              ],
              [
                -48.672997057152095,
                -22.81170634299595
              ]
            ]
          ]
        ]
      }
    },
    {
      "type": "Feature",
      "properties": {
        "ANO ENTRADA": 2022,
        "ÁREA TOTAL DA GLEBA/M²": 93726.95,
        "DATA DO CERTIFICADO": "2022-05-03",
        "EXPEDIENTE DISPENSA": "134/2022-D",
        "LOCALIZAÇÃO/ENDEREÇO": "RUA DEPUTADO JOAO DE FARIA, S/N°",
        "MUNICIPIO": "GUARA",
        "Nº DE UNIDADES HABITACIONAIS": 13,
        "PROPRIETARIO": "HILDA ALCÂNTARA DA ROCHA E OUTROS",
        "SITUAÇÃO": "DISPENSADO",
        "TIPOLOGIA DA CONSTRUÇÃO": "HORIZONTAL"
      },
      "geometry": {
        "type": "MultiPolygon",
        "coordinates": [
          [
            [
              [
                -47.82025228044832,
                -20.430315614879362
              ],
              [
                -47.8178016989579,
                -20.431124823287195
              ],
              [
                -47.81787056775857,
                -20.431417515690026
              ],
              [
                -47.81806569602711,
                -20.431360125022813
              ],
              [
                -47.818484647897854,
                -20.431411776623314
              ],
              [
                -47.81942585484032,
                -20.43378201117963
              ],
              [
                -47.81820343362845,
                -20.43422391931726
              ],
              [
                -47.82039001804966,
                -20.434252614650863
              ],
              [
                -47.82105001072272,
                -20.435061823058714
              ],
              [
                -47.82153783139412,
                -20.434063225449027
              ],
              [
                -47.82025228044832,
                -20.430315614879362
              ]
            ]
          ]
        ]
      }
    },
    {
      "type": "Feature",
      "properties": {
        "ANO ENTRADA": 2022,
        "ÁREA TOTAL DA GLEBA/M²": 4055.73,
        "DATA DO CERTIFICADO": "2022-05-03",
        "EXPEDIENTE DISPENSA": "213/2022-D",
        "LOCALIZAÇÃO/ENDEREÇO": "AVENIDA MONTE ALEGRE, S/N°",
        "MUNICIPIO": "JOSE BONIFACIO",
        "Nº DE UNIDADES HABITACIONAIS": 7,
        "PROPRIETARIO": "JONAS FELIX DE MENDONÇA NETO E OUTROS",
        "SITUAÇÃO": "DISPENSADO",
        "TIPOLOGIA DA CONSTRUÇÃO": "HORIZONTAL"
      },
      "geometry": {
        "type": "MultiPolygon",
        "coordinates": [
          [
            [
              [
                -49.68066688785488,
                -21.07198775220145
              ],
              [
                -49.6806066276543,
                -21.071560191730644
              ],
              [
                -49.67999828658173,
                -21.071649147264832
              ],
              [
                -49.680141763249786,
                -21.072501398673097
              ],
              [
                -49.68066688785488,
                -21.07198775220145
              ]
            ]
          ]
        ]
      }
    },
    {
      "type": "Feature",
      "properties": {
        "ANO ENTRADA": 2022,
        "ÁREA TOTAL DA GLEBA/M²": 56594.38,
        "DATA DO CERTIFICADO": "2022-05-03",
        "EXPEDIENTE DISPENSA": "216/2022-D",
        "LOCALIZAÇÃO/ENDEREÇO": "AVENIDA ALEXANDRE CAZELATTO (ESTRADA MUNICIPAL PLN-393), BAIRRO BETEL",
        "MUNICIPIO": "PAULINIA",
        "Nº DE UNIDADES HABITACIONAIS": 2,
        "PROPRIETARIO": "CAZELLATO EMPREENDIMENTOS IMOBILIÁRIOS LTDA",
        "SITUAÇÃO": "DISPENSADO",
        "TIPOLOGIA DA CONSTRUÇÃO": "HORIZONTAL"
      },
      "geometry": {
        "type": "MultiPolygon",
        "coordinates": [
          [
            [
              [
                -47.115829187584424,
                -22.80052578016257
              ],
              [
                -47.11573879728354,
                -22.80037512966111
              ],
              [
                -47.11564410268263,
                -22.799161317049336
              ],
              [
                -47.11531697587945,
                -22.79864910534437
              ],
              [
                -47.11712908619702,
                -22.796845603626895
              ],
              [
                -47.11344890966135,
                -22.798804060145862
              ],
              [
                -47.114826285674695,
                -22.801050904767667
              ],
              [
                -47.115829187584424,
                -22.80052578016257
              ]
            ]
          ]
        ]
      }
    },
    {
      "type": "Feature",
      "properties": {
        "ANO ENTRADA": 2022,
        "ÁREA TOTAL DA GLEBA/M²": 28391,
        "DATA DO CERTIFICADO": "2022-04-26",
        "EXPEDIENTE DISPENSA": "218/2022-D",
        "LOCALIZAÇÃO/ENDEREÇO": "GLEBA DE TERRAS DENOMINADA \"NOSSA CHÁCARA\", BAIRRO CARDEAL",
        "MUNICIPIO": "ELIAS FAUSTO",
        "Nº DE UNIDADES HABITACIONAIS": 10,
        "PROPRIETARIO": "HELIO CÁSSIO SCARTON E EUNICE PIRES MACHADO SCARTON",
        "SITUAÇÃO": "DISPENSADO",
        "TIPOLOGIA DA CONSTRUÇÃO": "HORIZONTAL"
      },
      "geometry": {
        "type": "MultiPolygon",
        "coordinates": [
          [
            [
              [
                -47.30551646220074,
                -23.062553273427042
              ],
              [
                -47.304170292362684,
                -23.0626937012159
              ],
              [
                -47.30468358014268,
                -23.064650005584877
              ],
              [
                -47.30617502010713,
                -23.064281987931317
              ],
              [
                -47.30551646220074,
                -23.062553273427042
              ]
            ]
          ]
        ]
      }
    },
    {
      "type": "Feature",
      "properties": {
        "ANO ENTRADA": 2022,
        "ÁREA TOTAL DA GLEBA/M²": 25288.28,
        "DATA DO CERTIFICADO": "2022-05-24",
        "EXPEDIENTE DISPENSA": "1/2022-D",
        "LOCALIZAÇÃO/ENDEREÇO": "RUA ANTÔNIO DE SANDO, N° 657, VILA SANTA CATARINA",
        "MUNICIPIO": "VARZEA PAULISTA",
        "Nº DE UNIDADES HABITACIONAIS": 27,
        "PROPRIETARIO": "NEIDE DE SANDO GARCIA",
        "SITUAÇÃO": "DISPENSADO",
        "TIPOLOGIA DA CONSTRUÇÃO": "HORIZONTAL"
      },
      "geometry": {
        "type": "MultiPolygon",
        "coordinates": [
          [
            [
              [
                -46.849415074543735,
                -23.213809485551256
              ],
              [
                -46.84941507454373,
                -23.21379657265111
              ],
              [
                -46.84936342294323,
                -23.213858985001718
              ],
              [
                -46.849313923492744,
                -23.213893419402066
              ],
              [
                -46.8492579675922,
                -23.213921397352333
              ],
              [
                -46.849150360091166,
                -23.213962288202733
              ],
              [
                -46.84776007117769,
                -23.21431739295617
              ],
              [
                -46.847648159376604,
                -23.21434967520649
              ],
              [
                -46.847590051326044,
                -23.214377653156763
              ],
              [
                -46.8475448561756,
                -23.214405631107017
              ],
              [
                -46.84749105242509,
                -23.214444369807396
              ],
              [
                -46.84745661802475,
                -23.21448956495784
              ],
              [
                -46.84740711857426,
                -23.214567042358595
              ],
              [
                -46.84737483632395,
                -23.214627302559173
              ],
              [
                -46.84735546697377,
                -23.21467895415967
              ],
              [
                -46.8473597712738,
                -23.214745670810327
              ],
              [
                -46.84737914062399,
                -23.21483606111119
              ],
              [
                -46.8474114228743,
                -23.214894169161763
              ],
              [
                -46.84757068197585,
                -23.215070645463467
              ],
              [
                -46.84767398517685,
                -23.215117992763933
              ],
              [
                -46.847824635678315,
                -23.21516964436442
              ],
              [
                -46.847940851779434,
                -23.215208383064805
              ],
              [
                -46.84803554638035,
                -23.215242817465143
              ],
              [
                -46.84814315388139,
                -23.215292316915622
              ],
              [
                -46.84819695763192,
                -23.215335359916047
              ],
              [
                -46.84824860923242,
                -23.215389163666558
              ],
              [
                -46.84932037994281,
                -23.214945820762267
              ],
              [
                -46.84933974929298,
                -23.214820996061054
              ],
              [
                -46.84936772724325,
                -23.21478225736067
              ],
              [
                -46.84957433364525,
                -23.214586411708787
              ],
              [
                -46.84960231159553,
                -23.214569194508616
              ],
              [
                -46.84978309219727,
                -23.21432384940623
              ],
              [
                -46.84989715614838,
                -23.214108634404152
              ],
              [
                -46.849415074543735,
                -23.213809485551256
              ]
            ]
          ]
        ]
      }
    },
    {
      "type": "Feature",
      "properties": {
        "ANO ENTRADA": 2022,
        "ÁREA TOTAL DA GLEBA/M²": 17531.01,
        "DATA DO CERTIFICADO": "2022-05-24",
        "EXPEDIENTE DISPENSA": "139/2022-D",
        "LOCALIZAÇÃO/ENDEREÇO": "RUA JOSÉ MALAQUIAS PAES, LADO PAR",
        "MUNICIPIO": "ELIAS FAUSTO",
        "Nº DE UNIDADES HABITACIONAIS": 9,
        "PROPRIETARIO": "AM4 HOLDING LTDA",
        "SITUAÇÃO": "DISPENSADO",
        "TIPOLOGIA DA CONSTRUÇÃO": "HORIZONTAL"
      },
      "geometry": {
        "type": "MultiPolygon",
        "coordinates": [
          [
            [
              [
                -47.36481626584036,
                -23.03254680219398
              ],
              [
                -47.36375095158003,
                -23.033233338050625
              ],
              [
                -47.36432342348558,
                -23.03404685075852
              ],
              [
                -47.36434924928583,
                -23.034085589458904
              ],
              [
                -47.364368618636014,
                -23.03411141525915
              ],
              [
                -47.36440090088634,
                -23.034124328159272
              ],
              [
                -47.36442672668658,
                -23.034124328159272
              ],
              [
                -47.36543823719638,
                -23.03353463905355
              ],
              [
                -47.36481626584036,
                -23.03254680219398
              ]
            ]
          ]
        ]
      }
    },
    {
      "type": "Feature",
      "properties": {
        "ANO ENTRADA": 2022,
        "ÁREA TOTAL DA GLEBA/M²": 7887,
        "DATA DO CERTIFICADO": "2022-05-24",
        "EXPEDIENTE DISPENSA": "206/2022-D",
        "LOCALIZAÇÃO/ENDEREÇO": "RUA CÉLIO ROBERTO FAULIN, RUA NICOLA DENENO E TRAVESSA LUIZ DEFÁCIO, SAO ROQUE",
        "MUNICIPIO": "LARANJAL PAULISTA",
        "Nº DE UNIDADES HABITACIONAIS": 21,
        "PROPRIETARIO": "FAULIN EMPREENDIMENTOS IMOBILIÁRIOS - SOCIEDADE LIMITADA DE PROPÓSITO ESPECIFICO",
        "SITUAÇÃO": "DISPENSADO",
        "TIPOLOGIA DA CONSTRUÇÃO": "HORIZONTAL"
      },
      "geometry": {
        "type": "MultiPolygon",
        "coordinates": [
          [
            [
              [
                -47.82838292388446,
                -23.033816570706293
              ],
              [
                -47.82792021162997,
                -23.033448553052725
              ],
              [
                -47.82779969122882,
                -23.031915146162852
              ],
              [
                -47.827816908428986,
                -23.031885016062567
              ],
              [
                -47.82785564712936,
                -23.031865646712376
              ],
              [
                -47.82789869012978,
                -23.031857038112296
              ],
              [
                -47.828230121232984,
                -23.031844125212157
              ],
              [
                -47.82838292388446,
                -23.033816570706293
              ]
            ]
          ]
        ]
      }
    },
    {
      "type": "Feature",
      "properties": {
        "ANO ENTRADA": 2022,
        "ÁREA TOTAL DA GLEBA/M²": 5823,
        "DATA DO CERTIFICADO": "2022-05-24",
        "EXPEDIENTE DISPENSA": "208/2022-D",
        "LOCALIZAÇÃO/ENDEREÇO": "RUA CÉLIO ROBERTO FAULIN, RUA NICOLA DENENO E TRAVESSA LUIZ DEFÁCIO, SAO ROQUE",
        "MUNICIPIO": "LARANJAL PAULISTA",
        "Nº DE UNIDADES HABITACIONAIS": 13,
        "PROPRIETARIO": "FAULIN EMPREENDIMENTOS IMOBILIÁRIOS - SOCIEDADE LIMITADA DE PROPÓSITO ESPECIFICO",
        "SITUAÇÃO": "DISPENSADO",
        "TIPOLOGIA DA CONSTRUÇÃO": "HORIZONTAL"
      },
      "geometry": {
        "type": "MultiPolygon",
        "coordinates": [
          [
            [
              [
                -47.82783412562915,
                -23.03321289262543
              ],
              [
                -47.827801843378836,
                -23.033253783475825
              ],
              [
                -47.82776310467847,
                -23.033279609276082
              ],
              [
                -47.82771360522799,
                -23.03328821787616
              ],
              [
                -47.82768993157776,
                -23.033281761426093
              ],
              [
                -47.82736280477459,
                -23.033008438373468
              ],
              [
                -47.82729393597391,
                -23.031876407462484
              ],
              [
                -47.827664105777494,
                -23.031867798862404
              ],
              [
                -47.827689931577744,
                -23.031876407462473
              ],
              [
                -47.82771575737801,
                -23.03190223326273
              ],
              [
                -47.82772436597809,
                -23.031932363363023
              ],
              [
                -47.82783412562915,
                -23.03321289262543
              ]
            ]
          ]
        ]
      }
    },
    {
      "type": "Feature",
      "properties": {
        "ANO ENTRADA": 2022,
        "ÁREA TOTAL DA GLEBA/M²": 4653.77,
        "DATA DO CERTIFICADO": "2022-06-07",
        "EXPEDIENTE DISPENSA": "257/2022-D",
        "LOCALIZAÇÃO/ENDEREÇO": "RODOVIA JOSÉ JERÔNIMO DE PAULA SM-01 (LADO ÍMPAR), ESQUINA COM A RUA JOAO FERNANDES ALVES, QUADRA \"A\"",
        "MUNICIPIO": "BALSAMO",
        "Nº DE UNIDADES HABITACIONAIS": 6,
        "PROPRIETARIO": "JUCELI APARECIDA TROIANO MACHADO E OUTRO",
        "SITUAÇÃO": "DISPENSADO",
        "TIPOLOGIA DA CONSTRUÇÃO": "HORIZONTAL"
      },
      "geometry": {
        "type": "MultiPolygon",
        "coordinates": [
          [
            [
              [
                -49.57843303640719,
                -20.727288928057572
              ],
              [
                -49.57774542447553,
                -20.727778004149812
              ],
              [
                -49.5781497596607,
                -20.728131494790745
              ],
              [
                -49.57816670784211,
                -20.72813633712828
              ],
              [
                -49.57818365602353,
                -20.72813633712829
              ],
              [
                -49.57819334069861,
                -20.728136337128298
              ],
              [
                -49.57878652704812,
                -20.727761055968408
              ],
              [
                -49.57843303640719,
                -20.727288928057572
              ]
            ]
          ]
        ]
      }
    },
    {
      "type": "Feature",
      "properties": {
        "ANO ENTRADA": 2022,
        "ÁREA TOTAL DA GLEBA/M²": 22963,
        "DATA DO CERTIFICADO": "2022-06-21",
        "EXPEDIENTE DISPENSA": "335/2022-D",
        "LOCALIZAÇÃO/ENDEREÇO": "AVENIDA INDEPENDÊNCIA (LADO IMPAR), FAZENDA CERVINHO DE CIMA, CHÁCARA SAO JOSÉ",
        "MUNICIPIO": "SALES",
        "Nº DE UNIDADES HABITACIONAIS": 8,
        "PROPRIETARIO": "LOURENÇO ADRIANO AMÊNDOLA E DANIELA MENDES AMÊNDOLA",
        "SITUAÇÃO": "DISPENSADO",
        "TIPOLOGIA DA CONSTRUÇÃO": "HORIZONTAL"
      },
      "geometry": {
        "type": "MultiPolygon",
        "coordinates": [
          [
            [
              [
                -49.49679230142771,
                -21.34400513728041
              ],
              [
                -49.494216177852735,
                -21.344256938832853
              ],
              [
                -49.49443408304235,
                -21.345012343490158
              ],
              [
                -49.49698599492959,
                -21.344750857262635
              ],
              [
                -49.49679230142771,
                -21.34400513728041
              ]
            ]
          ]
        ]
      }
    },
    {
      "type": "Feature",
      "properties": {
        "ANO ENTRADA": 2022,
        "ÁREA TOTAL DA GLEBA/M²": 6347.8,
        "DATA DO CERTIFICADO": "2022-06-28",
        "EXPEDIENTE DISPENSA": "177/2022-D",
        "LOCALIZAÇÃO/ENDEREÇO": "SÍTIO BELA VISTA QUATRO - ÁREA \"B\", VILA FORMOSA",
        "MUNICIPIO": "MIRACATU",
        "Nº DE UNIDADES HABITACIONAIS": 24,
        "PROPRIETARIO": "N S LOUREIRO INCORPORADORA EIRELI - ME",
        "SITUAÇÃO": "DISPENSADO",
        "TIPOLOGIA DA CONSTRUÇÃO": "HORIZONTAL"
      },
      "geometry": {
        "type": "MultiPolygon",
        "coordinates": [
          [
            [
              [
                -47.46701393428159,
                -24.28576211986777
              ],
              [
                -47.46698306437973,
                -24.285776646880414
              ],
              [
                -47.46696672149051,
                -24.285782094510147
              ],
              [
                -47.46694311509497,
                -24.28579843739937
              ],
              [
                -47.466930403958905,
                -24.28581114853544
              ],
              [
                -47.466674365361115,
                -24.28637407027527
              ],
              [
                -47.46694129921839,
                -24.286423098942933
              ],
              [
                -47.46689408642731,
                -24.28687525221138
              ],
              [
                -47.46730084278124,
                -24.2870005476954
              ],
              [
                -47.46736439846154,
                -24.28597639330422
              ],
              [
                -47.467371661967874,
                -24.285872888339167
              ],
              [
                -47.46736621433813,
                -24.28583838668415
              ],
              [
                -47.46734987144891,
                -24.28580025327596
              ],
              [
                -47.46732626505336,
                -24.285769383374095
              ],
              [
                -47.46728994752176,
                -24.28574396110198
              ],
              [
                -47.46725544586674,
                -24.285736697595656
              ],
              [
                -47.46701393428159,
                -24.28576211986777
              ]
            ]
          ]
        ]
      }
    },
    {
      "type": "Feature",
      "properties": {
        "ANO ENTRADA": 2022,
        "ÁREA TOTAL DA GLEBA/M²": 2478.03,
        "DATA DO CERTIFICADO": "2022-07-05",
        "EXPEDIENTE DISPENSA": "334/2022-D",
        "LOCALIZAÇÃO/ENDEREÇO": "RUA 8A, ESQUINA COM A AVENIDA 60A, VILA CRISTINA",
        "MUNICIPIO": "RIO CLARO",
        "Nº DE UNIDADES HABITACIONAIS": 16,
        "PROPRIETARIO": "MARTINS ROSSETTI EMPREENDIMENTOS E PARTICIPAÇÕES LTDA",
        "SITUAÇÃO": "DISPENSADO",
        "TIPOLOGIA DA CONSTRUÇÃO": "HORIZONTAL"
      },
      "geometry": {
        "type": "MultiPolygon",
        "coordinates": [
          [
            [
              [
                -47.54874455303867,
                -22.38414818933243
              ],
              [
                -47.54861432064019,
                -22.383963480636538
              ],
              [
                -47.548575165801424,
                -22.383924325797786
              ],
              [
                -47.548541969307706,
                -22.383925176989944
              ],
              [
                -47.54791208711897,
                -22.38440014220791
              ],
              [
                -47.547888253738854,
                -22.384422273203732
              ],
              [
                -47.54809253985412,
                -22.3846010235546
              ],
              [
                -47.54874455303867,
                -22.38414818933243
              ]
            ]
          ]
        ]
      }
    },
    {
      "type": "Feature",
      "properties": {
        "ANO ENTRADA": 2022,
        "ÁREA TOTAL DA GLEBA/M²": 11330.32,
        "DATA DO CERTIFICADO": "2022-07-05",
        "EXPEDIENTE DISPENSA": "404/2022-D",
        "LOCALIZAÇÃO/ENDEREÇO": "RUA JOSÉ LAUDELINO PEREIRA, DISTRITO DE ARTEMIS",
        "MUNICIPIO": "PIRACICABA",
        "Nº DE UNIDADES HABITACIONAIS": 37,
        "PROPRIETARIO": "LUIZ MANOEL CERSOSIMO E ROSA MARIA SEGHESE CERSOSIMO",
        "SITUAÇÃO": "DISPENSADO",
        "TIPOLOGIA DA CONSTRUÇÃO": "HORIZONTAL"
      },
      "geometry": {
        "type": "MultiPolygon",
        "coordinates": [
          [
            [
              [
                -47.773750174743995,
                -22.68692574791371
              ],
              [
                -47.77296494998846,
                -22.687172806434337
              ],
              [
                -47.77294005261817,
                -22.687191958257642
              ],
              [
                -47.77292090079485,
                -22.68723026190424
              ],
              [
                -47.772928561524175,
                -22.68728005664484
              ],
              [
                -47.77324073624406,
                -22.688134227964298
              ],
              [
                -47.773261803249696,
                -22.6881533797876
              ],
              [
                -47.773300106896315,
                -22.688170616428568
              ],
              [
                -47.77333841054293,
                -22.688172531610903
              ],
              [
                -47.77413512639245,
                -22.687952285642883
              ],
              [
                -47.77414853266876,
                -22.687923557907926
              ],
              [
                -47.77416385412741,
                -22.687890999808303
              ],
              [
                -47.77416385412741,
                -22.687856526526357
              ],
              [
                -47.77385934013684,
                -22.686998524842263
              ],
              [
                -47.77384976422519,
                -22.686971712289633
              ],
              [
                -47.77383252758421,
                -22.686950645283993
              ],
              [
                -47.77381337576091,
                -22.686935323825345
              ],
              [
                -47.77379613911993,
                -22.686925747913712
              ],
              [
                -47.773750174743995,
                -22.68692574791371
              ]
            ]
          ]
        ]
      }
    },
    {
      "type": "Feature",
      "properties": {
        "ANO ENTRADA": 2022,
        "ÁREA TOTAL DA GLEBA/M²": 65639,
        "DATA DO CERTIFICADO": "2022-07-19",
        "EXPEDIENTE DISPENSA": "409/2022-D",
        "LOCALIZAÇÃO/ENDEREÇO": "RUA EDWIN HASLINGER, FAZENDA FURNAS",
        "MUNICIPIO": "OURINHOS",
        "Nº DE UNIDADES HABITACIONAIS": 1,
        "PROPRIETARIO": "BERTAIA IMÓVEIS E PARTICIPAÇÕES LTDA",
        "SITUAÇÃO": "DISPENSADO",
        "TIPOLOGIA DA CONSTRUÇÃO": "HORIZONTAL"
      },
      "geometry": {
        "type": "MultiPolygon",
        "coordinates": [
          [
            [
              [
                -49.886670485203,
                -22.94080168375818
              ],
              [
                -49.884826164618644,
                -22.94293902723912
              ],
              [
                -49.887670210379575,
                -22.94485229438738
              ],
              [
                -49.88783395846884,
                -22.944136973786907
              ],
              [
                -49.8878511951098,
                -22.94364572951911
              ],
              [
                -49.88767882870006,
                -22.942826989072792
              ],
              [
                -49.88705830962495,
                -22.941491149397216
              ],
              [
                -49.88685146993325,
                -22.940974050167952
              ],
              [
                -49.88674805008739,
                -22.940827538719656
              ],
              [
                -49.886670485203,
                -22.94080168375818
              ]
            ]
          ]
        ]
      }
    },
    {
      "type": "Feature",
      "properties": {
        "ANO ENTRADA": 2022,
        "ÁREA TOTAL DA GLEBA/M²": 3982.68,
        "DATA DO CERTIFICADO": "2022-07-26",
        "EXPEDIENTE DISPENSA": "201/2022-D",
        "LOCALIZAÇÃO/ENDEREÇO": "RUA DAVINO DE PAULA FERREIRA",
        "MUNICIPIO": "MENDONCA",
        "Nº DE UNIDADES HABITACIONAIS": 23,
        "PROPRIETARIO": "DE VIVO MENDONÇA EMPREENDIMENTOS IMOBILIÁRIOS SPE LTDA",
        "SITUAÇÃO": "DISPENSADO",
        "TIPOLOGIA DA CONSTRUÇÃO": "HORIZONTAL"
      },
      "geometry": {
        "type": "MultiPolygon",
        "coordinates": [
          [
            [
              [
                -49.58646260256228,
                -21.18202385533582
              ],
              [
                -49.58652077622557,
                -21.182253318118818
              ],
              [
                -49.58575482299222,
                -21.18225008624862
              ],
              [
                -49.584791725677725,
                -21.182566809526552
              ],
              [
                -49.58476263884608,
                -21.182337346743566
              ],
              [
                -49.58550273711796,
                -21.182069101518383
              ],
              [
                -49.585732199900946,
                -21.182020623465647
              ],
              [
                -49.58600367699631,
                -21.181994768504183
              ],
              [
                -49.58646260256228,
                -21.18202385533582
              ]
            ]
          ]
        ]
      }
    },
    {
      "type": "Feature",
      "properties": {
        "ANO ENTRADA": 2022,
        "ÁREA TOTAL DA GLEBA/M²": 2961.92,
        "DATA DO CERTIFICADO": "2022-07-26",
        "EXPEDIENTE DISPENSA": "440/2022-D",
        "LOCALIZAÇÃO/ENDEREÇO": "RUA OLGA JOSÉ DE OLIVEIRA",
        "MUNICIPIO": "JARDINOPOLIS",
        "Nº DE UNIDADES HABITACIONAIS": 10,
        "PROPRIETARIO": "CESAR PEREIRA DE OLIVEIRA E OUTRA",
        "SITUAÇÃO": "DISPENSADO",
        "TIPOLOGIA DA CONSTRUÇÃO": "HORIZONTAL"
      },
      "geometry": {
        "type": "MultiPolygon",
        "coordinates": [
          [
            [
              [
                -47.77102732085305,
                -21.02829704646085
              ],
              [
                -47.77110605981528,
                -21.028121162025737
              ],
              [
                -47.77110912756705,
                -21.028079236084817
              ],
              [
                -47.771107082399205,
                -21.02805264890277
              ],
              [
                -47.77108663072071,
                -21.028026061720706
              ],
              [
                -47.77107538229753,
                -21.02801379071361
              ],
              [
                -47.77104265961193,
                -21.02799538420296
              ],
              [
                -47.770399454323076,
                -21.027752009228784
              ],
              [
                -47.770363663885696,
                -21.02774996406095
              ],
              [
                -47.770331963784024,
                -21.02775814473234
              ],
              [
                -47.77029719593057,
                -21.027755076980565
              ],
              [
                -47.77028083458777,
                -21.027743828557394
              ],
              [
                -47.77026140549319,
                -21.027733602718147
              ],
              [
                -47.77024606673432,
                -21.02772030912711
              ],
              [
                -47.77023481831114,
                -21.027692699361143
              ],
              [
                -47.770187779450595,
                -21.027674292850485
              ],
              [
                -47.77003132411005,
                -21.027882899971207
              ],
              [
                -47.77102732085305,
                -21.02829704646085
              ]
            ]
          ]
        ]
      }
    },
    {
      "type": "Feature",
      "properties": {
        "ANO ENTRADA": 2022,
        "ÁREA TOTAL DA GLEBA/M²": 53982.23,
        "DATA DO CERTIFICADO": "2022-08-02",
        "EXPEDIENTE DISPENSA": "473/2022-D",
        "LOCALIZAÇÃO/ENDEREÇO": "RUA MIGUEL YUNES (ANTIGA AVENIDA MARGINAL) X RUA JOSÉ MARTINS COELHO (ANTIGA RUA 2), BAIRRO USINA PIRATININGA",
        "MUNICIPIO": "SAO PAULO",
        "Nº DE UNIDADES HABITACIONAIS": 4,
        "PROPRIETARIO": "MRV XC INCORPORAÇÕES LTDA",
        "SITUAÇÃO": "DISPENSADO",
        "TIPOLOGIA DA CONSTRUÇÃO": "HORIZONTAL"
      },
      "geometry": {
        "type": "MultiPolygon",
        "coordinates": [
          [
            [
              [
                -46.68033014076381,
                -23.692886511432953
              ],
              [
                -46.6814910451426,
                -23.69184208575437
              ],
              [
                -46.68375849717343,
                -23.69348055280404
              ],
              [
                -46.68353330501968,
                -23.69368633184109
              ],
              [
                -46.68335858696936,
                -23.693802810541296
              ],
              [
                -46.68314504268563,
                -23.69391540661819
              ],
              [
                -46.68278395871497,
                -23.694035767941738
              ],
              [
                -46.682290865550726,
                -23.694140598771927
              ],
              [
                -46.681918133710056,
                -23.694206603368702
              ],
              [
                -46.68033014076381,
                -23.692886511432953
              ]
            ]
          ]
        ]
      }
    },
    {
      "type": "Feature",
      "properties": {
        "ANO ENTRADA": 2022,
        "ÁREA TOTAL DA GLEBA/M²": 33206.68,
        "DATA DO CERTIFICADO": "2022-08-16",
        "EXPEDIENTE DISPENSA": "522/2022-D",
        "LOCALIZAÇÃO/ENDEREÇO": "RUA ANDRÉ DE ALMEIDA, N.º 2.665, JARDIM COLONIAL",
        "MUNICIPIO": "SAO PAULO",
        "Nº DE UNIDADES HABITACIONAIS": 2,
        "PROPRIETARIO": "CCISA120 INCORPORADORA LTDA",
        "SITUAÇÃO": "DISPENSADO",
        "TIPOLOGIA DA CONSTRUÇÃO": "HORIZONTAL"
      },
      "geometry": {
        "type": "MultiPolygon",
        "coordinates": [
          [
            [
              [
                -46.47207620931428,
                -23.598223997350395
              ],
              [
                -46.47131521964211,
                -23.595520367754617
              ],
              [
                -46.47081422757643,
                -23.595703488992402
              ],
              [
                -46.47112518816893,
                -23.59647052512053
              ],
              [
                -46.46971895526734,
                -23.59690586995001
              ],
              [
                -46.470302870157674,
                -23.598018417847584
              ],
              [
                -46.47047908116008,
                -23.597938950140612
              ],
              [
                -46.47154325740993,
                -23.597918219434455
              ],
              [
                -46.47166764164693,
                -23.597942405258312
              ],
              [
                -46.47176438494237,
                -23.59799423202373
              ],
              [
                -46.471902589650156,
                -23.59806333437761
              ],
              [
                -46.47207620931428,
                -23.598223997350395
              ]
            ]
          ]
        ]
      }
    },
    {
      "type": "Feature",
      "properties": {
        "ANO ENTRADA": 2022,
        "ÁREA TOTAL DA GLEBA/M²": 18767.81,
        "DATA DO CERTIFICADO": "2022-08-23",
        "EXPEDIENTE DISPENSA": "517/2022-D",
        "LOCALIZAÇÃO/ENDEREÇO": "RUA CASTRO ALVES, LADO ÍMPAR",
        "MUNICIPIO": "URUPES",
        "Nº DE UNIDADES HABITACIONAIS": 16,
        "PROPRIETARIO": "JORDAN LOTEAMENTOS LTDA",
        "SITUAÇÃO": "DISPENSADO",
        "TIPOLOGIA DA CONSTRUÇÃO": "HORIZONTAL"
      },
      "geometry": {
        "type": "MultiPolygon",
        "coordinates": [
          [
            [
              [
                -49.283844595854255,
                -21.196463922908034
              ],
              [
                -49.28419317984938,
                -21.19474207119591
              ],
              [
                -49.28370669449357,
                -21.19441455546425
              ],
              [
                -49.28308996896374,
                -21.194288145883608
              ],
              [
                -49.28281799683569,
                -21.194897210226706
              ],
              [
                -49.283844595854255,
                -21.196463922908034
              ]
            ]
          ]
        ]
      }
    },
    {
      "type": "Feature",
      "properties": {
        "ANO ENTRADA": 2022,
        "ÁREA TOTAL DA GLEBA/M²": 9773,
        "DATA DO CERTIFICADO": "2022-08-30",
        "EXPEDIENTE DISPENSA": "544/2022-D",
        "LOCALIZAÇÃO/ENDEREÇO": "RUA ARLINDO JOSÉ THOMAZ, JARDIM DAS ACÁCIAS",
        "MUNICIPIO": "ALTINOPOLIS",
        "Nº DE UNIDADES HABITACIONAIS": 44,
        "PROPRIETARIO": "HF HOLDING PARTICIPAÇÕES LTDA",
        "SITUAÇÃO": "DISPENSADO",
        "TIPOLOGIA DA CONSTRUÇÃO": "HORIZONTAL"
      },
      "geometry": {
        "type": "MultiPolygon",
        "coordinates": [
          [
            [
              [
                -47.40608773427177,
                -21.01931621800736
              ],
              [
                -47.40616243084215,
                -21.019502959433318
              ],
              [
                -47.40462827820432,
                -21.020336113487566
              ],
              [
                -47.40358252621899,
                -21.02203115104621
              ],
              [
                -47.40339291184803,
                -21.021967946255902
              ],
              [
                -47.40448463095359,
                -21.020198212126864
              ],
              [
                -47.40608773427177,
                -21.01931621800736
              ]
            ]
          ]
        ]
      }
    },
    {
      "type": "Feature",
      "properties": {
        "ANO ENTRADA": 2022,
        "ÁREA TOTAL DA GLEBA/M²": 14523.83,
        "DATA DO CERTIFICADO": "2022-09-13",
        "EXPEDIENTE DISPENSA": "502/2022-D",
        "LOCALIZAÇÃO/ENDEREÇO": "RUA PADRE JOSÉ CLAUDEMIR MADELLA, ESQUINA COM AVENIDA GASPAR VAZ DA CUNHA, S/N°, BAIRRO CAIXA D'AGUA",
        "MUNICIPIO": "TAUBATE",
        "Nº DE UNIDADES HABITACIONAIS": 42,
        "PROPRIETARIO": "PAULO RIBEIRO PERROTA JÚNIOR E OUTROS",
        "SITUAÇÃO": "DISPENSADO",
        "TIPOLOGIA DA CONSTRUÇÃO": "HORIZONTAL"
      },
      "geometry": {
        "type": "MultiPolygon",
        "coordinates": [
          [
            [
              [
                -45.56789276201653,
                -23.05445354616707
              ],
              [
                -45.56565994506293,
                -23.053292696822083
              ],
              [
                -45.56593467042997,
                -23.052824047666565
              ],
              [
                -45.56812169982238,
                -23.054065698590076
              ],
              [
                -45.56814324690998,
                -23.054111486151253
              ],
              [
                -45.56789276201653,
                -23.05445354616707
              ]
            ]
          ]
        ]
      }
    },
    {
      "type": "Feature",
      "properties": {
        "ANO ENTRADA": 2022,
        "ÁREA TOTAL DA GLEBA/M²": 17259.03,
        "DATA DO CERTIFICADO": "2022-09-13",
        "EXPEDIENTE DISPENSA": "586/2022-D",
        "LOCALIZAÇÃO/ENDEREÇO": "AV. GABRIEL INÁCIO DE ALMEIDA, ESQUINA COM A RUA CAMARGO BARROS, BAIRRO ALELUIA",
        "MUNICIPIO": "CESARIO LANGE",
        "Nº DE UNIDADES HABITACIONAIS": 29,
        "PROPRIETARIO": "MURILO DE CAMARGO BARROS E OUTROS",
        "SITUAÇÃO": "DISPENSADO",
        "TIPOLOGIA DA CONSTRUÇÃO": "HORIZONTAL"
      },
      "geometry": {
        "type": "MultiPolygon",
        "coordinates": [
          [
            [
              [
                -47.96207793787046,
                -23.222973781289927
              ],
              [
                -47.96200976153857,
                -23.222880038833562
              ],
              [
                -47.961832503075655,
                -23.222891969691645
              ],
              [
                -47.96191942789882,
                -23.223895866178744
              ],
              [
                -47.961929654348594,
                -23.223946998427653
              ],
              [
                -47.963698830161164,
                -23.223872004462578
              ],
              [
                -47.96389142829875,
                -23.22356861978567
              ],
              [
                -47.9639221076481,
                -23.223343637890423
              ],
              [
                -47.96303581533352,
                -23.2234868081874
              ],
              [
                -47.96301536243395,
                -23.222961850431844
              ],
              [
                -47.96207793787046,
                -23.222973781289927
              ]
            ]
          ]
        ]
      }
    },
    {
      "type": "Feature",
      "properties": {
        "ANO ENTRADA": 2022,
        "ÁREA TOTAL DA GLEBA/M²": 8065.87,
        "DATA DO CERTIFICADO": "2022-09-20",
        "EXPEDIENTE DISPENSA": "578/2022-D",
        "LOCALIZAÇÃO/ENDEREÇO": "RUA B, S/N°",
        "MUNICIPIO": "POPULINA",
        "Nº DE UNIDADES HABITACIONAIS": 27,
        "PROPRIETARIO": "ITAMAR JARDIM DE OLIVEIRA E OUTRA",
        "SITUAÇÃO": "DISPENSADO",
        "TIPOLOGIA DA CONSTRUÇÃO": "HORIZONTAL"
      },
      "geometry": {
        "type": "MultiPolygon",
        "coordinates": [
          [
            [
              [
                -50.53929101661923,
                -19.936205712566622
              ],
              [
                -50.53931906631008,
                -19.93597196514301
              ],
              [
                -50.54234219965567,
                -19.93639271050553
              ],
              [
                -50.542311033332524,
                -19.936626457929155
              ],
              [
                -50.53929101661923,
                -19.936205712566622
              ]
            ]
          ]
        ]
      }
    },
    {
      "type": "Feature",
      "properties": {
        "ANO ENTRADA": 2022,
        "ÁREA TOTAL DA GLEBA/M²": 821.02,
        "DATA DO CERTIFICADO": "2022-09-27",
        "EXPEDIENTE DISPENSA": "647/2022-D",
        "LOCALIZAÇÃO/ENDEREÇO": "RUA BRASÍLIA, QUADRA 1, CENTRO",
        "MUNICIPIO": "CERQUILHO",
        "Nº DE UNIDADES HABITACIONAIS": 3,
        "PROPRIETARIO": "JOSE FERNANDO SANSON E PAULINA VISENTIN SANSON",
        "SITUAÇÃO": "DISPENSADO",
        "TIPOLOGIA DA CONSTRUÇÃO": "HORIZONTAL"
      },
      "geometry": {
        "type": "MultiPolygon",
        "coordinates": [
          [
            [
              [
                -47.73937280947383,
                -23.1642880303308
              ],
              [
                -47.7394031442797,
                -23.164562488098237
              ],
              [
                -47.7394074778234,
                -23.16458271130217
              ],
              [
                -47.73915179874529,
                -23.16460148999152
              ],
              [
                -47.73912868651226,
                -23.16437759023385
              ],
              [
                -47.73915035423073,
                -23.164341477369724
              ],
              [
                -47.73918068903661,
                -23.164321254165806
              ],
              [
                -47.73937280947383,
                -23.1642880303308
              ]
            ]
          ]
        ]
      }
    },
    {
      "type": "Feature",
      "properties": {
        "ANO ENTRADA": 2022,
        "ÁREA TOTAL DA GLEBA/M²": 8518.67,
        "DATA DO CERTIFICADO": "2022-10-04",
        "EXPEDIENTE DISPENSA": "571/2022-D",
        "LOCALIZAÇÃO/ENDEREÇO": "AVENIDA PREFEITO WASHINGTON LUIS E RUA DOM BOSCO, CASTELO",
        "MUNICIPIO": "BATATAIS",
        "Nº DE UNIDADES HABITACIONAIS": 2,
        "PROPRIETARIO": "JPMAR EMPREENDIMENTOS IMOBILIÁRIOS LTDA",
        "SITUAÇÃO": "DISPENSADO",
        "TIPOLOGIA DA CONSTRUÇÃO": "HORIZONTAL"
      },
      "geometry": {
        "type": "MultiPolygon",
        "coordinates": [
          [
            [
              [
                -47.59639548965957,
                -20.883576624435207
              ],
              [
                -47.596456090843475,
                -20.884520271441698
              ],
              [
                -47.59603765409747,
                -20.884560672230982
              ],
              [
                -47.596078054886746,
                -20.8852734575845
              ],
              [
                -47.59588759402305,
                -20.885285000667157
              ],
              [
                -47.59578947782054,
                -20.88333421969959
              ],
              [
                -47.59639548965957,
                -20.883576624435207
              ]
            ]
          ]
        ]
      }
    },
    {
      "type": "Feature",
      "properties": {
        "ANO ENTRADA": 2022,
        "ÁREA TOTAL DA GLEBA/M²": 57119.26,
        "DATA DO CERTIFICADO": "2022-11-01",
        "EXPEDIENTE DISPENSA": "670/2022-D",
        "LOCALIZAÇÃO/ENDEREÇO": "AV. JEAN KHOURY FARAH X AV. MIGUEL IGNÁCIO CURI X COMPLEXO VIÁRIO ARIETA CALFAT KHOURY FARAH, ITAQUERA",
        "MUNICIPIO": "SAO PAULO",
        "Nº DE UNIDADES HABITACIONAIS": 6,
        "PROPRIETARIO": "MRV ENGENHARIA E PARTICIPAÇÕES S/A",
        "SITUAÇÃO": "DISPENSADO",
        "TIPOLOGIA DA CONSTRUÇÃO": "HORIZONTAL"
      },
      "geometry": {
        "type": "MultiPolygon",
        "coordinates": [
          [
            [
              [
                -46.473682348967095,
                -23.547558372037123
              ],
              [
                -46.473460268069346,
                -23.547635090892705
              ],
              [
                -46.47339970055177,
                -23.547679507072253
              ],
              [
                -46.47333509519971,
                -23.547731998920813
              ],
              [
                -46.47330279252367,
                -23.547768339431357
              ],
              [
                -46.47323414933709,
                -23.547877360962964
              ],
              [
                -46.47320184666105,
                -23.5479863824946
              ],
              [
                -46.47320992233005,
                -23.54809136619172
              ],
              [
                -46.473355284372225,
                -23.548721268374425
              ],
              [
                -46.473444116731315,
                -23.548878743920106
              ],
              [
                -46.473545062593935,
                -23.548967576279214
              ],
              [
                -46.473609667946015,
                -23.548995841120743
              ],
              [
                -46.47374695431916,
                -23.54903621946578
              ],
              [
                -46.473952883878894,
                -23.549028143796768
              ],
              [
                -46.47623426037398,
                -23.54893123576866
              ],
              [
                -46.47647249260974,
                -23.54891104659613
              ],
              [
                -46.476763216694074,
                -23.54883028990605
              ],
              [
                -46.47685204905317,
                -23.548761646719466
              ],
              [
                -46.47693280574327,
                -23.548664738691368
              ],
              [
                -46.47697722192281,
                -23.548571868497756
              ],
              [
                -46.47686012472218,
                -23.548382090276046
              ],
              [
                -46.47671072484551,
                -23.548042912177664
              ],
              [
                -46.47663400598992,
                -23.547679507072257
              ],
              [
                -46.4766057411484,
                -23.54739282082243
              ],
              [
                -46.476613816817405,
                -23.54718689126269
              ],
              [
                -46.47653709796182,
                -23.54713843724864
              ],
              [
                -46.47639577375415,
                -23.54708190756558
              ],
              [
                -46.47630694139506,
                -23.54706979406206
              ],
              [
                -46.47622618470497,
                -23.54706575622756
              ],
              [
                -46.473682348967095,
                -23.547558372037123
              ]
            ]
          ]
        ]
      }
    },
    {
      "type": "Feature",
      "properties": {
        "ANO ENTRADA": 2022,
        "ÁREA TOTAL DA GLEBA/M²": 46093.85,
        "DATA DO CERTIFICADO": "2022-11-01",
        "EXPEDIENTE DISPENSA": "722/20222-D",
        "LOCALIZAÇÃO/ENDEREÇO": "ESTRADA MUNICIPAL DOUTOR JOÃO RENNÓ DE FRANÇA, S/N°, BAIRRO QUILOMBO",
        "MUNICIPIO": "SAO BENTO DO SAPUCAI",
        "Nº DE UNIDADES HABITACIONAIS": 5,
        "PROPRIETARIO": "MARTHA MIRTHES NAVARRO CASTELLO E VAGNER LUIS BARBOSA",
        "SITUAÇÃO": "DISPENSADO",
        "TIPOLOGIA DA CONSTRUÇÃO": "HORIZONTAL"
      },
      "geometry": {
        "type": "MultiPolygon",
        "coordinates": [
          [
            [
              [
                -45.72271775345757,
                -22.677962011808276
              ],
              [
                -45.72301716092364,
                -22.677303315382925
              ],
              [
                -45.72320678565215,
                -22.677253414138566
              ],
              [
                -45.72336646963406,
                -22.677383157373878
              ],
              [
                -45.72357605486032,
                -22.6775628018535
              ],
              [
                -45.724015185810565,
                -22.67790213031508
              ],
              [
                -45.72418485004134,
                -22.678131676039047
              ],
              [
                -45.72430461302777,
                -22.67835124151418
              ],
              [
                -45.72442437601419,
                -22.67862070823366
              ],
              [
                -45.72454413900063,
                -22.678740471220063
              ],
              [
                -45.7242946327789,
                -22.679349266401115
              ],
              [
                -45.723855501828666,
                -22.67955885162736
              ],
              [
                -45.72307704241686,
                -22.67930934540562
              ],
              [
                -45.72248820773357,
                -22.67929936515675
              ],
              [
                -45.721729708819524,
                -22.679359246649966
              ],
              [
                -45.72158000508649,
                -22.67941912814318
              ],
              [
                -45.721709748321786,
                -22.677981972306032
              ],
              [
                -45.72271775345757,
                -22.677962011808276
              ]
            ]
          ]
        ]
      }
    },
    {
      "type": "Feature",
      "properties": {
        "ANO ENTRADA": 2022,
        "ÁREA TOTAL DA GLEBA/M²": 10939.61,
        "DATA DO CERTIFICADO": "2022-12-06",
        "EXPEDIENTE DISPENSA": "807/2022-D",
        "LOCALIZAÇÃO/ENDEREÇO": "RUA JOÃO DOMINGUES DE SOUZA (ENTRE O LOTEAMENTO ALTO DA BOA VISTA II E O JARDIM MIGUITA), CHÁCARA SÃO BOM JESUS DA LAPA",
        "MUNICIPIO": "MIRANDOPOLIS",
        "Nº DE UNIDADES HABITACIONAIS": 8,
        "PROPRIETARIO": "NAIR NUNES BADAIN E OUTROS",
        "SITUAÇÃO": "DISPENSADO",
        "TIPOLOGIA DA CONSTRUÇÃO": "HORIZONTAL"
      },
      "geometry": {
        "type": "MultiPolygon",
        "coordinates": [
          [
            [
              [
                -51.109925562036786,
                -21.130855485460472
              ],
              [
                -51.10989131277843,
                -21.130384558158212
              ],
              [
                -51.10977144037421,
                -21.130119126406022
              ],
              [
                -51.11068760803499,
                -21.12989650622677
              ],
              [
                -51.11067048340582,
                -21.129922193170525
              ],
              [
                -51.11085885432673,
                -21.130615740652043
              ],
              [
                -51.109925562036786,
                -21.130855485460472
              ]
            ]
          ]
        ]
      }
    },
    {
      "type": "Feature",
      "properties": {
        "ANO ENTRADA": 2022,
        "ÁREA TOTAL DA GLEBA/M²": 6412.45,
        "DATA DO CERTIFICADO": "2022-11-29",
        "EXPEDIENTE DISPENSA": "792/2022-D",
        "LOCALIZAÇÃO/ENDEREÇO": "AV. JOÃO FRANCISCO JUNQUEIRA FRANCO, SÍTIO DONA IGNÊZ, DISTRITO DE MAJOR PRADO",
        "MUNICIPIO": "SANTO ANTONIO DO ARACANGUA",
        "Nº DE UNIDADES HABITACIONAIS": 25,
        "PROPRIETARIO": "LUIZ PERAZZA E IGNEZ VALDEMARIN PERAZZA",
        "SITUAÇÃO": "DISPENSADO",
        "TIPOLOGIA DA CONSTRUÇÃO": "HORIZONTAL"
      },
      "geometry": {
        "type": "MultiPolygon",
        "coordinates": [
          [
            [
              [
                -50.49643153233265,
                -20.874071129364687
              ],
              [
                -50.49663644242533,
                -20.873977212238877
              ],
              [
                -50.49566311948512,
                -20.87200495259689
              ],
              [
                -50.495492361074554,
                -20.872073255961126
              ],
              [
                -50.49643153233265,
                -20.874071129364687
              ]
            ]
          ]
        ]
      }
    },
    {
      "type": "Feature",
      "properties": {
        "ANO ENTRADA": 2022,
        "ÁREA TOTAL DA GLEBA/M²": 888.17,
        "DATA DO CERTIFICADO": "2022-12-13",
        "EXPEDIENTE DISPENSA": "820/2022-D",
        "LOCALIZAÇÃO/ENDEREÇO": "RUA PARIQUERA-AÇU, ÁREA A3, PARQUE PIRAJUSSARA",
        "MUNICIPIO": "EMBU DAS ARTES",
        "Nº DE UNIDADES HABITACIONAIS": 7,
        "PROPRIETARIO": "BARBARA ROCHA MEDINA",
        "SITUAÇÃO": "DISPENSADO",
        "TIPOLOGIA DA CONSTRUÇÃO": "HORIZONTAL"
      },
      "geometry": {
        "type": "MultiPolygon",
        "coordinates": [
          [
            [
              [
                -46.81603858446133,
                -23.64949887201859
              ],
              [
                -46.81560334277139,
                -23.649447489319098
              ],
              [
                -46.815597475730804,
                -23.649609938667226
              ],
              [
                -46.81598417925009,
                -23.6496590651406
              ],
              [
                -46.81603858446133,
                -23.64949887201859
              ]
            ]
          ]
        ]
      }
    },
    {
      "type": "Feature",
      "properties": {
        "ANO ENTRADA": 2022,
        "ÁREA TOTAL DA GLEBA/M²": 1020.61,
        "DATA DO CERTIFICADO": "2022-12-13",
        "EXPEDIENTE DISPENSA": "823/2022-D",
        "LOCALIZAÇÃO/ENDEREÇO": "RUA PARIQUERA-AÇU, ÁREA A1, PARQUE PIRAJUSSARA",
        "MUNICIPIO": "EMBU DAS ARTES",
        "Nº DE UNIDADES HABITACIONAIS": 4,
        "PROPRIETARIO": "PACTUAL IMÓVEIS S/S LTDA",
        "SITUAÇÃO": "DISPENSADO",
        "TIPOLOGIA DA CONSTRUÇÃO": "HORIZONTAL"
      },
      "geometry": {
        "type": "MultiPolygon",
        "coordinates": [
          [
            [
              [
                -46.81560032025965,
                -23.64944748931909
              ],
              [
                -46.81524366387483,
                -23.64940215164305
              ],
              [
                -46.815322249179964,
                -23.649740672957446
              ],
              [
                -46.81534340676212,
                -23.64976485305134
              ],
              [
                -46.815588230212704,
                -23.649813213239113
              ],
              [
                -46.81560032025965,
                -23.64944748931909
              ]
            ]
          ]
        ]
      }
    },
    {
      "type": "Feature",
      "properties": {
        "ANO ENTRADA": 2022,
        "ÁREA TOTAL DA GLEBA/M²": 903.6,
        "DATA DO CERTIFICADO": "2022-12-13",
        "EXPEDIENTE DISPENSA": "825/2022-D",
        "LOCALIZAÇÃO/ENDEREÇO": "RUA TUPI, ÁREA A2, PARQUE PIRAJUSSARA",
        "MUNICIPIO": "EMBU DAS ARTES",
        "Nº DE UNIDADES HABITACIONAIS": 7,
        "PROPRIETARIO": "ANA MARIA DA ROCHA",
        "SITUAÇÃO": "DISPENSADO",
        "TIPOLOGIA DA CONSTRUÇÃO": "HORIZONTAL"
      },
      "geometry": {
        "type": "MultiPolygon",
        "coordinates": [
          [
            [
              [
                -46.81598332876901,
                -23.649661510007284
              ],
              [
                -46.8155974757308,
                -23.649614909398803
              ],
              [
                -46.81559001963345,
                -23.649812495978736
              ],
              [
                -46.81592430133159,
                -23.649843563051064
              ],
              [
                -46.81598332876901,
                -23.649661510007284
              ]
            ]
          ]
        ]
      }
    },
    {
      "type": "Feature",
      "properties": {
        "ANO ENTRADA": 2022,
        "ÁREA TOTAL DA GLEBA/M²": 375.62,
        "DATA DO CERTIFICADO": "2022-12-13",
        "EXPEDIENTE DISPENSA": "826/2022-D",
        "LOCALIZAÇÃO/ENDEREÇO": "RUA TUPI, PARQUE PIRAJUSSARA",
        "MUNICIPIO": "EMBU DAS ARTES",
        "Nº DE UNIDADES HABITACIONAIS": 3,
        "PROPRIETARIO": "GUSTAVO NEVES SANTANA SANTOS",
        "SITUAÇÃO": "DISPENSADO",
        "TIPOLOGIA DA CONSTRUÇÃO": "HORIZONTAL"
      },
      "geometry": {
        "type": "MultiPolygon",
        "coordinates": [
          [
            [
              [
                -46.816143353460326,
                -23.649683146751162
              ],
              [
                -46.81599620127002,
                -23.649634096021032
              ],
              [
                -46.81593049180139,
                -23.64984418122357
              ],
              [
                -46.81608782433191,
                -23.649868243845894
              ],
              [
                -46.816143353460326,
                -23.649683146751162
              ]
            ]
          ]
        ]
      }
    },
    {
      "type": "Feature",
      "properties": {
        "ANO ENTRADA": 2022,
        "ÁREA TOTAL DA GLEBA/M²": 1208.44,
        "DATA DO CERTIFICADO": "2022-12-13",
        "EXPEDIENTE DISPENSA": "828/2022-D",
        "LOCALIZAÇÃO/ENDEREÇO": "RUA BARÃO DO RIO BRANCO, N.° 24-50",
        "MUNICIPIO": "MIRASSOL",
        "Nº DE UNIDADES HABITACIONAIS": 2,
        "PROPRIETARIO": "BLUEBERRY INCORP NEGÓCIOS IMOBILIÁRIOS LTDA",
        "SITUAÇÃO": "DISPENSADO",
        "TIPOLOGIA DA CONSTRUÇÃO": "HORIZONTAL"
      },
      "geometry": {
        "type": "MultiPolygon",
        "coordinates": [
          [
            [
              [
                -49.51474056812036,
                -20.81482148905941
              ],
              [
                -49.514524017900015,
                -20.814816075303913
              ],
              [
                -49.51452040872968,
                -20.81473847814163
              ],
              [
                -49.51428220348731,
                -20.814742087311966
              ],
              [
                -49.514287617242815,
                -20.814967660458144
              ],
              [
                -49.51454567292205,
                -20.81495322377679
              ],
              [
                -49.5145546958479,
                -20.81504345303525
              ],
              [
                -49.51474598187585,
                -20.815029016353908
              ],
              [
                -49.51474056812036,
                -20.81482148905941
              ]
            ]
          ]
        ]
      }
    },
    {
      "type": "Feature",
      "properties": {
        "ANO ENTRADA": 2022,
        "ÁREA TOTAL DA GLEBA/M²": 5311.8,
        "DATA DO CERTIFICADO": "2022-12-20",
        "EXPEDIENTE DISPENSA": "333/2022-D",
        "LOCALIZAÇÃO/ENDEREÇO": "AVENIDA ANGELO TREVIZAN, S/N°, ESQUINA COM A RUA OLINDA DESTÉFANI, CAMPOS ELÍSEOS",
        "MUNICIPIO": "BROTAS",
        "Nº DE UNIDADES HABITACIONAIS": 9,
        "PROPRIETARIO": "MARIANA LEITE RODRIGUES E OUTRO",
        "SITUAÇÃO": "DISPENSADO",
        "TIPOLOGIA DA CONSTRUÇÃO": "HORIZONTAL"
      },
      "geometry": {
        "type": "MultiPolygon",
        "coordinates": [
          [
            [
              [
                -48.11292879224113,
                -22.267257726647852
              ],
              [
                -48.1130926735857,
                -22.267539966741257
              ],
              [
                -48.11261013407117,
                -22.26785862491125
              ],
              [
                -48.11229147590119,
                -22.267458026068986
              ],
              [
                -48.11292879224113,
                -22.267257726647852
              ]
            ]
          ]
        ]
      }
    },
    {
      "type": "Feature",
      "properties": {
        "ANO ENTRADA": 2022,
        "ÁREA TOTAL DA GLEBA/M²": 46534.16,
        "DATA DO CERTIFICADO": "2023-01-10",
        "EXPEDIENTE DISPENSA": "860/2022-D",
        "LOCALIZAÇÃO/ENDEREÇO": "RUA SERRA DE PARACAINA X AVENIDA DO ESTADO X RUA CORONEL JOÃO DENTE, MÓOCA",
        "MUNICIPIO": "SAO PAULO",
        "Nº DE UNIDADES HABITACIONAIS": 5,
        "PROPRIETARIO": "CCISA66 INCORPORADORA LTDA",
        "SITUAÇÃO": "DISPENSADO",
        "TIPOLOGIA DA CONSTRUÇÃO": null
      },
      "geometry": {
        "type": "MultiPolygon",
        "coordinates": [
          [
            [
              [
                -46.613840904817145,
                -23.559324249639545
              ],
              [
                -46.613799493530884,
                -23.55904028653373
              ],
              [
                -46.61353032017016,
                -23.559060992176867
              ],
              [
                -46.61353032017017,
                -23.55899591729846
              ],
              [
                -46.61375216634658,
                -23.558782944969096
              ],
              [
                -46.61279674881349,
                -23.557877812569334
              ],
              [
                -46.61250095391161,
                -23.55809078489869
              ],
              [
                -46.61244179493123,
                -23.55798429873401
              ],
              [
                -46.6122643179901,
                -23.558422075188794
              ],
              [
                -46.61213416823328,
                -23.558351084412337
              ],
              [
                -46.61096873631987,
                -23.559948376882517
              ],
              [
                -46.61276125342527,
                -23.560640536952917
              ],
              [
                -46.613840904817145,
                -23.559324249639545
              ]
            ]
          ]
        ]
      }
    },
    {
      "type": "Feature",
      "properties": {
        "ANO ENTRADA": 2022,
        "ÁREA TOTAL DA GLEBA/M²": 113177.26,
        "DATA DO CERTIFICADO": "2023-01-10",
        "EXPEDIENTE DISPENSA": "852/2022-D",
        "LOCALIZAÇÃO/ENDEREÇO": "RUA SETE DE SETEMBRO, N° 1000, CENTRO",
        "MUNICIPIO": "SAO CARLOS",
        "Nº DE UNIDADES HABITACIONAIS": 2,
        "PROPRIETARIO": "CANTNHO FRATERNO DONA MARIA JACINTA",
        "SITUAÇÃO": "DISPENSADO",
        "TIPOLOGIA DA CONSTRUÇÃO": null
      },
      "geometry": {
        "type": "MultiPolygon",
        "coordinates": [
          [
            [
              [
                -47.901189373368624,
                -22.015915871608332
              ],
              [
                -47.90122486875685,
                -22.01638914345136
              ],
              [
                -47.89915430444364,
                -22.016584368086605
              ],
              [
                -47.89910697725935,
                -22.016182087020034
              ],
              [
                -47.8992726224044,
                -22.01615842342789
              ],
              [
                -47.8992726224044,
                -22.015992778282826
              ],
              [
                -47.899012322890734,
                -22.015992778282822
              ],
              [
                -47.89953292191805,
                -22.01533019770261
              ],
              [
                -47.89926670650636,
                -22.01513497306736
              ],
              [
                -47.899243042914215,
                -22.014874673553702
              ],
              [
                -47.89939094036516,
                -22.014762271490984
              ],
              [
                -47.899633492184705,
                -22.01480368277723
              ],
              [
                -47.8997103988592,
                -22.01492791663604
              ],
              [
                -47.89969265116508,
                -22.01514680486345
              ],
              [
                -47.90197618780764,
                -22.015140888965398
              ],
              [
                -47.901810542662574,
                -22.014247588361698
              ],
              [
                -47.90250861863103,
                -22.014271251953854
              ],
              [
                -47.90252045042711,
                -22.013738821130456
              ],
              [
                -47.90416507008159,
                -22.013632334965784
              ],
              [
                -47.90411774289729,
                -22.013809811906917
              ],
              [
                -47.90522993172838,
                -22.013762484722623
              ],
              [
                -47.906424943131995,
                -22.016164339325915
              ],
              [
                -47.90595167128898,
                -22.015750226463293
              ],
              [
                -47.90501695939903,
                -22.015489926949623
              ],
              [
                -47.901189373368624,
                -22.015915871608332
              ]
            ]
          ]
        ]
      }
    },
    {
      "type": "Feature",
      "properties": {
        "ANO ENTRADA": 2022,
        "ÁREA TOTAL DA GLEBA/M²": 72600,
        "DATA DO CERTIFICADO": "2023-01-10",
        "EXPEDIENTE DISPENSA": "856/2022-D",
        "LOCALIZAÇÃO/ENDEREÇO": "ESTRADA MUNICIPAL RBN 070 (ANTIGA ESTRADA 01)",
        "MUNICIPIO": "RUBINEIA",
        "Nº DE UNIDADES HABITACIONAIS": 14,
        "PROPRIETARIO": "PONZANI E SILVA ATIVIDADES IMOBILIÁRIAS LTDA-ME",
        "SITUAÇÃO": "DISPENSADO",
        "TIPOLOGIA DA CONSTRUÇÃO": null
      },
      "geometry": {
        "type": "MultiPolygon",
        "coordinates": [
          [
            [
              [
                -50.98857359205277,
                -20.18205260338747
              ],
              [
                -50.98728392628055,
                -20.182656024987327
              ],
              [
                -50.985284352743804,
                -20.178952672815708
              ],
              [
                -50.986443868759196,
                -20.178041624517913
              ],
              [
                -50.98857359205277,
                -20.18205260338747
              ]
            ]
          ]
        ]
      }
    },
    {
      "type": "Feature",
      "properties": {
        "ANO ENTRADA": 2022,
        "ÁREA TOTAL DA GLEBA/M²": 5073.46,
        "DATA DO CERTIFICADO": "2023-01-24",
        "EXPEDIENTE DISPENSA": "744/2022-D",
        "LOCALIZAÇÃO/ENDEREÇO": "ESTRADA MUNICIPAL SILVÉRIO PERES LOPES, KM 2,2, BAIRRO DO JAGUARI",
        "MUNICIPIO": "IGARATA",
        "Nº DE UNIDADES HABITACIONAIS": 5,
        "PROPRIETARIO": "EDILEIDE GUERRA DOS SANTOS PEREIRA",
        "SITUAÇÃO": "DISPENSADO",
        "TIPOLOGIA DA CONSTRUÇÃO": null
      },
      "geometry": {
        "type": "MultiPolygon",
        "coordinates": [
          [
            [
              [
                -46.130847418074715,
                -23.194065573619124
              ],
              [
                -46.13017777775155,
                -23.194045484409443
              ],
              [
                -46.13009407271115,
                -23.1940387880062
              ],
              [
                -46.129976885654614,
                -23.194008654191645
              ],
              [
                -46.129906573420676,
                -23.194105752038524
              ],
              [
                -46.12984630579159,
                -23.194199501683755
              ],
              [
                -46.129802779170575,
                -23.19427985852254
              ],
              [
                -46.1297425115415,
                -23.194383652772615
              ],
              [
                -46.129695636718886,
                -23.19451423263564
              ],
              [
                -46.12987643960613,
                -23.194437223998477
              ],
              [
                -46.130057242493386,
                -23.194407090183937
              ],
              [
                -46.130248089985486,
                -23.1944405722001
              ],
              [
                -46.13035523243718,
                -23.194474054216247
              ],
              [
                -46.13045567848567,
                -23.19452092903886
              ],
              [
                -46.130539383526056,
                -23.194584544869578
              ],
              [
                -46.13064317777615,
                -23.194638116095426
              ],
              [
                -46.13078715044562,
                -23.194701731926127
              ],
              [
                -46.13083067706663,
                -23.194728517539055
              ],
              [
                -46.130847418074715,
                -23.194065573619124
              ]
            ]
          ]
        ]
      }
    },
    {
      "type": "Feature",
      "properties": {
        "ANO ENTRADA": 2023,
        "ÁREA TOTAL DA GLEBA/M²": 4484.02,
        "DATA DO CERTIFICADO": "2023-01-31",
        "EXPEDIENTE DISPENSA": "23/2023-D",
        "LOCALIZAÇÃO/ENDEREÇO": "RUA JULIO FERREIRA FOGAÇA, DISTRITO DO BOM RETIRO DA ESPERANÇA",
        "MUNICIPIO": "ANGATUBA",
        "Nº DE UNIDADES HABITACIONAIS": 27,
        "PROPRIETARIO": "OSMAR GIMENES E CLEIDE POLLI GIMENES",
        "SITUAÇÃO": "DISPENSADO",
        "TIPOLOGIA DA CONSTRUÇÃO": null
      },
      "geometry": {
        "type": "MultiPolygon",
        "coordinates": [
          [
            [
              [
                -48.30723685517938,
                -23.547623090531555
              ],
              [
                -48.30709750315618,
                -23.54735987004323
              ],
              [
                -48.30642728628257,
                -23.547581063730888
              ],
              [
                -48.30665732771773,
                -23.548193770245696
              ],
              [
                -48.307070959913645,
                -23.548025663043084
              ],
              [
                -48.307068747976764,
                -23.54798142430555
              ],
              [
                -48.30723685517938,
                -23.547623090531555
              ]
            ]
          ]
        ]
      }
    },
    {
      "type": "Feature",
      "properties": {
        "ANO ENTRADA": 2020,
        "ÁREA TOTAL DA GLEBA/M²": 18987.6,
        "DATA DO CERTIFICADO": "2020-09-22",
        "EXPEDIENTE DISPENSA": "200/2020-D",
        "LOCALIZAÇÃO/ENDEREÇO": "RUA JOSÉ CANTU, S/Nº, GLEBA (A/B/C)",
        "MUNICIPIO": "IGARACU DO TIETE",
        "Nº DE UNIDADES HABITACIONAIS": 30,
        "PROPRIETARIO": "VARASQUIM EMPREENDIMENTOS IMOBILIÁRIOS LTDA.",
        "SITUAÇÃO": "DISPENSADO",
        "TIPOLOGIA DA CONSTRUÇÃO": "HORIZONTAL"
      },
      "geometry": {
        "type": "MultiPolygon",
        "coordinates": [
          [
            [
              [
                -48.55947570302345,
                -22.505118087369723
              ],
              [
                -48.55911627664096,
                -22.50417014965765
              ],
              [
                -48.55741788824017,
                -22.504786309170495
              ],
              [
                -48.55782076176781,
                -22.50575794532537
              ],
              [
                -48.55947570302345,
                -22.505118087369723
              ]
            ]
          ]
        ]
      }
    },
    {
      "type": "Feature",
      "properties": {
        "ANO ENTRADA": 2020,
        "ÁREA TOTAL DA GLEBA/M²": 69528.5032,
        "DATA DO CERTIFICADO": "2020-10-06",
        "EXPEDIENTE DISPENSA": "375/2020-D",
        "LOCALIZAÇÃO/ENDEREÇO": "RUA MARIA APARECIDA CROCIARI LIMA, LADO PAR",
        "MUNICIPIO": "JACI",
        "Nº DE UNIDADES HABITACIONAIS": 14,
        "PROPRIETARIO": "EDN MÓVEIS INDÚSTRIA E COMÉRCIO LTDA.",
        "SITUAÇÃO": "DISPENSADO",
        "TIPOLOGIA DA CONSTRUÇÃO": "HORIZONTAL"
      },
      "geometry": {
        "type": "MultiPolygon",
        "coordinates": [
          [
            [
              [
                -49.57753663406531,
                -20.87366041563647
              ],
              [
                -49.577675829294186,
                -20.874495587009672
              ],
              [
                -49.58351332920489,
                -20.87385180907616
              ],
              [
                -49.58416580684022,
                -20.87265994992897
              ],
              [
                -49.57753663406531,
                -20.87366041563647
              ]
            ]
          ]
        ]
      }
    },
    {
      "type": "Feature",
      "properties": {
        "ANO ENTRADA": 2020,
        "ÁREA TOTAL DA GLEBA/M²": 26934.51,
        "DATA DO CERTIFICADO": "2020-10-20",
        "EXPEDIENTE DISPENSA": "427/2020-D",
        "LOCALIZAÇÃO/ENDEREÇO": "RUA TURVOLÂNDIA, VILA BONSUCESSO",
        "MUNICIPIO": "GUARULHOS",
        "Nº DE UNIDADES HABITACIONAIS": 3,
        "PROPRIETARIO": "PASCHOAL CASCELLO E WANDA FIORI CASCELLO",
        "SITUAÇÃO": "DISPENSADO",
        "TIPOLOGIA DA CONSTRUÇÃO": "HORIZONTAL"
      },
      "geometry": {
        "type": "MultiPolygon",
        "coordinates": [
          [
            [
              [
                -46.39560431922076,
                -23.412736761453296
              ],
              [
                -46.39474916571996,
                -23.41520679710152
              ],
              [
                -46.39537309745873,
                -23.415250839341905
              ],
              [
                -46.39570341426162,
                -23.41537929587636
              ],
              [
                -46.39582086023597,
                -23.415159084674446
              ],
              [
                -46.39635670749398,
                -23.413279949084714
              ],
              [
                -46.39634569693389,
                -23.41296431302863
              ],
              [
                -46.39560431922076,
                -23.412736761453296
              ]
            ]
          ]
        ]
      }
    },
    {
      "type": "Feature",
      "properties": {
        "ANO ENTRADA": 2020,
        "ÁREA TOTAL DA GLEBA/M²": 27913.73,
        "DATA DO CERTIFICADO": "2020-11-03",
        "EXPEDIENTE DISPENSA": "462/2020-D",
        "LOCALIZAÇÃO/ENDEREÇO": "AV. RAIMUNDO PEREIRA DE MAGALHÃES, Nº 5.028, PIRITUBA",
        "MUNICIPIO": "SAO PAULO",
        "Nº DE UNIDADES HABITACIONAIS": 4,
        "PROPRIETARIO": "CÉLIO EDECIO BOTTURA JUNIOR E OUTROS",
        "SITUAÇÃO": "DISPENSADO",
        "TIPOLOGIA DA CONSTRUÇÃO": "HORIZONTAL"
      },
      "geometry": {
        "type": "MultiPolygon",
        "coordinates": [
          [
            [
              [
                -46.726603604788295,
                -23.48747546849321
              ],
              [
                -46.72660979822835,
                -23.48753740289374
              ],
              [
                -46.725395883977754,
                -23.488289905860324
              ],
              [
                -46.72528440205679,
                -23.488429258261522
              ],
              [
                -46.724996407094274,
                -23.48850357954218
              ],
              [
                -46.72449009336985,
                -23.488167585419237
              ],
              [
                -46.724243904127704,
                -23.488037523178093
              ],
              [
                -46.724397191769036,
                -23.487913654377035
              ],
              [
                -46.72453344745022,
                -23.487935331417226
              ],
              [
                -46.724620155610985,
                -23.48787030029664
              ],
              [
                -46.724644929371195,
                -23.48775262493563
              ],
              [
                -46.72461396217092,
                -23.487696883975133
              ],
              [
                -46.7248864735333,
                -23.487250956291252
              ],
              [
                -46.72491744073356,
                -23.4870961202899
              ],
              [
                -46.72498556857417,
                -23.486888640048083
              ],
              [
                -46.72522091929623,
                -23.48624142556243
              ],
              [
                -46.72552749457889,
                -23.48643961564417
              ],
              [
                -46.726603604788295,
                -23.48747546849321
              ]
            ]
          ]
        ]
      }
    },
    {
      "type": "Feature",
      "properties": {
        "ANO ENTRADA": 2020,
        "ÁREA TOTAL DA GLEBA/M²": 8013.37,
        "DATA DO CERTIFICADO": "2020-11-10",
        "EXPEDIENTE DISPENSA": "471/2020-D",
        "LOCALIZAÇÃO/ENDEREÇO": "ALAMEDA DAS ESMERALDAS, ESQUINA COM A AV. FRANCISCO SANCHES NAVAS, S/N.°",
        "MUNICIPIO": "SABINO",
        "Nº DE UNIDADES HABITACIONAIS": 28,
        "PROPRIETARIO": "CARMEM SANCHES PARRA",
        "SITUAÇÃO": "DISPENSADO",
        "TIPOLOGIA DA CONSTRUÇÃO": "HORIZONTAL"
      },
      "geometry": {
        "type": "MultiPolygon",
        "coordinates": [
          [
            [
              [
                -49.57666037375965,
                -21.45164490903131
              ],
              [
                -49.57646636908858,
                -21.451803640125807
              ],
              [
                -49.57817713755163,
                -21.45416109082575
              ],
              [
                -49.57833586864614,
                -21.45392005471928
              ],
              [
                -49.57666037375965,
                -21.45164490903131
              ]
            ]
          ]
        ]
      }
    },
    {
      "type": "Feature",
      "properties": {
        "ANO ENTRADA": 2020,
        "ÁREA TOTAL DA GLEBA/M²": 21594.44,
        "DATA DO CERTIFICADO": "2020-12-01",
        "EXPEDIENTE DISPENSA": "457/2020-D",
        "LOCALIZAÇÃO/ENDEREÇO": "RUA 21 DE ABRIL, DISTRITO DE MOREIRA CÉSAR",
        "MUNICIPIO": "PINDAMONHANGABA",
        "Nº DE UNIDADES HABITACIONAIS": 28,
        "PROPRIETARIO": "GILDA MARIA GUIMARAES RIBEIRO",
        "SITUAÇÃO": "DISPENSADO",
        "TIPOLOGIA DA CONSTRUÇÃO": "HORIZONTAL"
      },
      "geometry": {
        "type": "MultiPolygon",
        "coordinates": [
          [
            [
              [
                -45.36057217323316,
                -22.916890172720937
              ],
              [
                -45.35921854973276,
                -22.916700577246935
              ],
              [
                -45.35870708287267,
                -22.917322274033783
              ],
              [
                -45.35925382330932,
                -22.917749966149543
              ],
              [
                -45.35860567134006,
                -22.91853039403087
              ],
              [
                -45.358931951923225,
                -22.9187464446873
              ],
              [
                -45.359165639367916,
                -22.91878171826385
              ],
              [
                -45.36057217323316,
                -22.916890172720937
              ]
            ]
          ]
        ]
      }
    },
    {
      "type": "Feature",
      "properties": {
        "ANO ENTRADA": 2020,
        "ÁREA TOTAL DA GLEBA/M²": 11744.34,
        "DATA DO CERTIFICADO": "2020-12-01",
        "EXPEDIENTE DISPENSA": "517/2020-D",
        "LOCALIZAÇÃO/ENDEREÇO": "RUA ISIDORO CANTIDIO DO NASCIMENTO E RUA 1° DE MAIO, ÁREA REMANESCENTE, DESMEMBRAMENTO DO REMANESCENTE \"B\", SÍTIO TANQUE VELHO",
        "MUNICIPIO": "VARZEA PAULISTA",
        "Nº DE UNIDADES HABITACIONAIS": 2,
        "PROPRIETARIO": "VVC3 EMPREENDIMENTOS BURITI SPE LTDA",
        "SITUAÇÃO": "DISPENSADO",
        "TIPOLOGIA DA CONSTRUÇÃO": "HORIZONTAL"
      },
      "geometry": {
        "type": "MultiPolygon",
        "coordinates": [
          [
            [
              [
                -46.852717213379606,
                -23.216563456162195
              ],
              [
                -46.85172183714111,
                -23.217836611816086
              ],
              [
                -46.85163916469605,
                -23.21791928426112
              ],
              [
                -46.851556492251,
                -23.217945739443543
              ],
              [
                -46.851470512908136,
                -23.217975501523767
              ],
              [
                -46.85138784046308,
                -23.21797880842156
              ],
              [
                -46.850660322946574,
                -23.217343884043533
              ],
              [
                -46.85048505736305,
                -23.217519149627048
              ],
              [
                -46.85020397104985,
                -23.217224835722647
              ],
              [
                -46.852717213379606,
                -23.216563456162195
              ]
            ]
          ]
        ]
      }
    },
    {
      "type": "Feature",
      "properties": {
        "ANO ENTRADA": 2020,
        "ÁREA TOTAL DA GLEBA/M²": 6050,
        "DATA DO CERTIFICADO": "2020-12-01",
        "EXPEDIENTE DISPENSA": "525/2020-D",
        "LOCALIZAÇÃO/ENDEREÇO": "AVENIDA JÚLIO CÉSAR SAQUETO DA COSTA, BAIRRO POTREIRO",
        "MUNICIPIO": "BATATAIS",
        "Nº DE UNIDADES HABITACIONAIS": 3,
        "PROPRIETARIO": "ANA CAMILA MORANDINI",
        "SITUAÇÃO": "DISPENSADO",
        "TIPOLOGIA DA CONSTRUÇÃO": "HORIZONTAL"
      },
      "geometry": {
        "type": "MultiPolygon",
        "coordinates": [
          [
            [
              [
                -47.586196239898875,
                -20.908200806479748
              ],
              [
                -47.58567788366835,
                -20.908136321972602
              ],
              [
                -47.58534058009253,
                -20.909257360327572
              ],
              [
                -47.58551915257385,
                -20.909279681887732
              ],
              [
                -47.58571260609528,
                -20.90931440431467
              ],
              [
                -47.58584405528292,
                -20.909324325008075
              ],
              [
                -47.585871337189786,
                -20.90933424570147
              ],
              [
                -47.586196239898875,
                -20.908200806479748
              ]
            ]
          ]
        ]
      }
    },
    {
      "type": "Feature",
      "properties": {
        "ANO ENTRADA": 2020,
        "ÁREA TOTAL DA GLEBA/M²": 11755.792,
        "DATA DO CERTIFICADO": "2020-12-08",
        "EXPEDIENTE DISPENSA": "499/2020-D",
        "LOCALIZAÇÃO/ENDEREÇO": "RUA EDUARDO GOMES BARCA E RUA PEDRO DIAS DURAO",
        "MUNICIPIO": "MONTE APRAZIVEL",
        "Nº DE UNIDADES HABITACIONAIS": 19,
        "PROPRIETARIO": "ANTÔNIO DIAS DURAO SOBRINHO - EIRELI",
        "SITUAÇÃO": "DISPENSADO",
        "TIPOLOGIA DA CONSTRUÇÃO": "HORIZONTAL"
      },
      "geometry": {
        "type": "MultiPolygon",
        "coordinates": [
          [
            [
              [
                -49.718579842862184,
                -20.769859217093664
              ],
              [
                -49.71825245997975,
                -20.769244134102443
              ],
              [
                -49.717012373303895,
                -20.769596318718385
              ],
              [
                -49.717285192372586,
                -20.770429656964563
              ],
              [
                -49.718579842862184,
                -20.769859217093664
              ]
            ]
          ]
        ]
      }
    },
    {
      "type": "Feature",
      "properties": {
        "ANO ENTRADA": 2020,
        "ÁREA TOTAL DA GLEBA/M²": 74699.27,
        "DATA DO CERTIFICADO": "2020-12-15",
        "EXPEDIENTE DISPENSA": "531/2020-D",
        "LOCALIZAÇÃO/ENDEREÇO": "RUA SANTA ETELVINA, GUAIANAZES",
        "MUNICIPIO": "SAO PAULO",
        "Nº DE UNIDADES HABITACIONAIS": 7,
        "PROPRIETARIO": "SILVIA MARIA BARALE DE MORAES JOVINO ANDRADE E HOLA ADMINISTRAÇÃO DE BENS LTDA-ME",
        "SITUAÇÃO": "DISPENSADO",
        "TIPOLOGIA DA CONSTRUÇÃO": "HORIZONTAL"
      },
      "geometry": {
        "type": "MultiPolygon",
        "coordinates": [
          [
            [
              [
                -46.42818989354236,
                -23.525481454442815
              ],
              [
                -46.42678991319073,
                -23.523857037779212
              ],
              [
                -46.425659884207356,
                -23.5247861727211
              ],
              [
                -46.42358816440449,
                -23.52651469853641
              ],
              [
                -46.42356723794183,
                -23.52654818087667
              ],
              [
                -46.423609090867146,
                -23.526602589679573
              ],
              [
                -46.42368024084017,
                -23.526648627897416
              ],
              [
                -46.42479771394596,
                -23.527213642389096
              ],
              [
                -46.42499023740239,
                -23.52721782768164
              ],
              [
                -46.4252204284916,
                -23.527146677708604
              ],
              [
                -46.42573103418037,
                -23.526912301326863
              ],
              [
                -46.42676061614301,
                -23.52600827814017
              ],
              [
                -46.42706195720523,
                -23.525882719364244
              ],
              [
                -46.42788645983385,
                -23.5255562665468
              ],
              [
                -46.42818361560355,
                -23.525485116573776
              ],
              [
                -46.42818989354236,
                -23.525481454442815
              ]
            ]
          ]
        ]
      }
    },
    {
      "type": "Feature",
      "properties": {
        "ANO ENTRADA": 2020,
        "ÁREA TOTAL DA GLEBA/M²": 67006.5,
        "DATA DO CERTIFICADO": "2020-12-15",
        "EXPEDIENTE DISPENSA": "559/2020-D",
        "LOCALIZAÇÃO/ENDEREÇO": "RUA SANTA ETELVINA, GUAIANAZES",
        "MUNICIPIO": "SAO PAULO",
        "Nº DE UNIDADES HABITACIONAIS": 7,
        "PROPRIETARIO": "SILVIA MARIA BARALE DE MORAES JOVINO ANDRADE E HOLA ADMINISTRAÇÃO DE BENS LTDA-ME",
        "SITUAÇÃO": "DISPENSADO",
        "TIPOLOGIA DA CONSTRUÇÃO": "HORIZONTAL"
      },
      "geometry": {
        "type": "MultiPolygon",
        "coordinates": [
          [
            [
              [
                -46.428139539241585,
                -23.525560321048957
              ],
              [
                -46.42815719594445,
                -23.525789858186208
              ],
              [
                -46.42814660192274,
                -23.525861662111197
              ],
              [
                -46.42717666037866,
                -23.52735895051418
              ],
              [
                -46.426569269800076,
                -23.529035160172864
              ],
              [
                -46.423169765941736,
                -23.52685985437985
              ],
              [
                -46.42339106328432,
                -23.526619723220893
              ],
              [
                -46.42476122342667,
                -23.527307157519118
              ],
              [
                -46.42488364323321,
                -23.52730244906501
              ],
              [
                -46.42514260820856,
                -23.527241239161746
              ],
              [
                -46.42548161690358,
                -23.527123527809312
              ],
              [
                -46.42583475096089,
                -23.526935189645407
              ],
              [
                -46.42692711231148,
                -23.526007624188225
              ],
              [
                -46.428139539241585,
                -23.525560321048957
              ]
            ]
          ]
        ]
      }
    },
    {
      "type": "Feature",
      "properties": {
        "ANO ENTRADA": 2020,
        "ÁREA TOTAL DA GLEBA/M²": 19013.86,
        "DATA DO CERTIFICADO": "2021-01-12",
        "EXPEDIENTE DISPENSA": "571/2020-D",
        "LOCALIZAÇÃO/ENDEREÇO": "GLEBA DE TERRA \"C\", FAZENDA SANTA CRUZ",
        "MUNICIPIO": "ENGENHEIRO COELHO",
        "Nº DE UNIDADES HABITACIONAIS": 7,
        "PROPRIETARIO": "FAVERO EMPREENDIMENTOS IMOBILIÁRIOS LTDA.",
        "SITUAÇÃO": "DISPENSADO",
        "TIPOLOGIA DA CONSTRUÇÃO": "HORIZONTAL"
      },
      "geometry": {
        "type": "MultiPolygon",
        "coordinates": [
          [
            [
              [
                -47.20218702770141,
                -22.49392508005381
              ],
              [
                -47.202045774078485,
                -22.495401180413364
              ],
              [
                -47.20006116067641,
                -22.495146923892094
              ],
              [
                -47.20218702770141,
                -22.49392508005381
              ]
            ]
          ]
        ]
      }
    },
    {
      "type": "Feature",
      "properties": {
        "ANO ENTRADA": 2020,
        "ÁREA TOTAL DA GLEBA/M²": 2862.17,
        "DATA DO CERTIFICADO": "2021-01-12",
        "EXPEDIENTE DISPENSA": "578/2020-D",
        "LOCALIZAÇÃO/ENDEREÇO": "AVENIDA BRASÍLIA, RUA DOM PEDRO I E RUA JOSÉ DE ANDRADE JUNQUEIRA",
        "MUNICIPIO": "MONTE APRAZIVEL",
        "Nº DE UNIDADES HABITACIONAIS": 18,
        "PROPRIETARIO": "RAFAEL LIMA DO AMARAL E HERIDA CARLA SCREMIN DO AMARAL",
        "SITUAÇÃO": "DISPENSADO",
        "TIPOLOGIA DA CONSTRUÇÃO": "HORIZONTAL"
      },
      "geometry": {
        "type": "MultiPolygon",
        "coordinates": [
          [
            [
              [
                -49.7167990311707,
                -20.775815771191915
              ],
              [
                -49.71709919511942,
                -20.775793700313326
              ],
              [
                -49.71707712424083,
                -20.77631015887214
              ],
              [
                -49.7170418108351,
                -20.776418306177185
              ],
              [
                -49.716988840726515,
                -20.77649334716437
              ],
              [
                -49.716924835178624,
                -20.776544110185103
              ],
              [
                -49.71679020281927,
                -20.776623565347993
              ],
              [
                -49.716637913757054,
                -20.776691985071597
              ],
              [
                -49.71655183733059,
                -20.776672121280892
              ],
              [
                -49.71654521606701,
                -20.77648451881293
              ],
              [
                -49.7167990311707,
                -20.776343265190008
              ],
              [
                -49.716900557212185,
                -20.776360921892877
              ],
              [
                -49.71691821391505,
                -20.776217461182096
              ],
              [
                -49.71684096584001,
                -20.77621525409424
              ],
              [
                -49.71685862254287,
                -20.776111520964903
              ],
              [
                -49.71675047523782,
                -20.776107106789176
              ],
              [
                -49.7167990311707,
                -20.775815771191915
              ]
            ]
          ]
        ]
      }
    },
    {
      "type": "Feature",
      "properties": {
        "ANO ENTRADA": 2020,
        "ÁREA TOTAL DA GLEBA/M²": 49944.35,
        "DATA DO CERTIFICADO": "2021-01-12",
        "EXPEDIENTE DISPENSA": "604/2020-D",
        "LOCALIZAÇÃO/ENDEREÇO": "AV. MIGUEL TARSITANO NETO, BAIRRO TORRES",
        "MUNICIPIO": "SALES",
        "Nº DE UNIDADES HABITACIONAIS": 10,
        "PROPRIETARIO": "RAMILO JORGE NASSIF E OUTRA",
        "SITUAÇÃO": "DISPENSADO",
        "TIPOLOGIA DA CONSTRUÇÃO": "HORIZONTAL"
      },
      "geometry": {
        "type": "MultiPolygon",
        "coordinates": [
          [
            [
              [
                -49.53041432395396,
                -21.405715059391127
              ],
              [
                -49.529937592976594,
                -21.40561822341134
              ],
              [
                -49.52932678141184,
                -21.40587148674307
              ],
              [
                -49.52907351808012,
                -21.405938527036753
              ],
              [
                -49.52874576553319,
                -21.405975771644368
              ],
              [
                -49.5285446446521,
                -21.40597577164437
              ],
              [
                -49.52835842161407,
                -21.405916180272197
              ],
              [
                -49.52821689210516,
                -21.4058491399785
              ],
              [
                -49.52797852661648,
                -21.405811895370903
              ],
              [
                -49.52790403740127,
                -21.405774650763295
              ],
              [
                -49.52782209926453,
                -21.40577465076329
              ],
              [
                -49.527658222991064,
                -21.405789548606332
              ],
              [
                -49.52747944887456,
                -21.405782099684814
              ],
              [
                -49.52730812367957,
                -21.40574485507721
              ],
              [
                -49.52712190064153,
                -21.405700161548076
              ],
              [
                -49.52697292221111,
                -21.40562567233286
              ],
              [
                -49.52686118838829,
                -21.405580978803744
              ],
              [
                -49.52666751642873,
                -21.405536285274604
              ],
              [
                -49.526585578292,
                -21.405521387431563
              ],
              [
                -49.52616843868681,
                -21.406810050854755
              ],
              [
                -49.527829548186055,
                -21.407577289771446
              ],
              [
                -49.53041432395396,
                -21.405715059391127
              ]
            ]
          ]
        ]
      }
    },
    {
      "type": "Feature",
      "properties": {
        "ANO ENTRADA": 2020,
        "ÁREA TOTAL DA GLEBA/M²": 3470,
        "DATA DO CERTIFICADO": "2021-01-19",
        "EXPEDIENTE DISPENSA": "583/2020-D",
        "LOCALIZAÇÃO/ENDEREÇO": "RUA SEBASTIÃO MARTINS GALEGO, BAIRRO RESIDENCIAL ARTHUR ULIAN",
        "MUNICIPIO": "TABAPUA",
        "Nº DE UNIDADES HABITACIONAIS": 19,
        "PROPRIETARIO": "FAMA BADY EMPREENDIMENTOS E INCORPORADORA DE IMOVÉIS LTDA.",
        "SITUAÇÃO": "DISPENSADO",
        "TIPOLOGIA DA CONSTRUÇÃO": "HORIZONTAL"
      },
      "geometry": {
        "type": "MultiPolygon",
        "coordinates": [
          [
            [
              [
                -49.04176003263623,
                -20.958387550211572
              ],
              [
                -49.04157640292643,
                -20.958262776177982
              ],
              [
                -49.04014738710786,
                -20.958999649244227
              ],
              [
                -49.04016857515129,
                -20.959067921828648
              ],
              [
                -49.04019211742179,
                -20.959129131731903
              ],
              [
                -49.040213305465215,
                -20.959150319775354
              ],
              [
                -49.040236847735706,
                -20.95915267400239
              ],
              [
                -49.04176003263623,
                -20.958387550211572
              ]
            ]
          ]
        ]
      }
    },
    {
      "type": "Feature",
      "properties": {
        "ANO ENTRADA": 2021,
        "ÁREA TOTAL DA GLEBA/M²": 4328.08,
        "DATA DO CERTIFICADO": "2021-02-02",
        "EXPEDIENTE DISPENSA": "24/2021-D",
        "LOCALIZAÇÃO/ENDEREÇO": "RUA ANTONIO POSSEBON, BAIRRO NOSSA SENHORA APARECIDA",
        "MUNICIPIO": "MIRASSOL",
        "Nº DE UNIDADES HABITACIONAIS": 2,
        "PROPRIETARIO": "POLAR MIRASSOL NEGÓCIOS E PARTICIPAÇÕES EIRELI",
        "SITUAÇÃO": "DISPENSADO",
        "TIPOLOGIA DA CONSTRUÇÃO": "HORIZONTAL"
      },
      "geometry": {
        "type": "MultiPolygon",
        "coordinates": [
          [
            [
              [
                -49.49520049467071,
                -20.823004266001757
              ],
              [
                -49.49518460363814,
                -20.82328633183003
              ],
              [
                -49.49430463770908,
                -20.823306195620773
              ],
              [
                -49.49434039253238,
                -20.823026116171555
              ],
              [
                -49.49520049467071,
                -20.823004266001757
              ]
            ]
          ]
        ]
      }
    },
    {
      "type": "Feature",
      "properties": {
        "ANO ENTRADA": 2020,
        "ÁREA TOTAL DA GLEBA/M²": 31882.9,
        "DATA DO CERTIFICADO": "2021-02-09",
        "EXPEDIENTE DISPENSA": "529/2020-D",
        "LOCALIZAÇÃO/ENDEREÇO": "AV. GASPAR RICARDO E AV. ENEMÉGIO JOAQUIM DA SILVA",
        "MUNICIPIO": "BASTOS",
        "Nº DE UNIDADES HABITACIONAIS": 59,
        "PROPRIETARIO": "CONSTAC CONSTRUÇÕES E ESTAQUEAMENTO LTDA",
        "SITUAÇÃO": "DISPENSADO",
        "TIPOLOGIA DA CONSTRUÇÃO": "HORIZONTAL"
      },
      "geometry": {
        "type": "MultiPolygon",
        "coordinates": [
          [
            [
              [
                -50.735383908799655,
                -21.932074669516037
              ],
              [
                -50.72972905542864,
                -21.93395334270092
              ],
              [
                -50.72983734987288,
                -21.93439122893198
              ],
              [
                -50.73555341314716,
                -21.932550223379884
              ],
              [
                -50.735383908799655,
                -21.932074669516037
              ]
            ]
          ]
        ]
      }
    },
    {
      "type": "Feature",
      "properties": {
        "ANO ENTRADA": 2020,
        "ÁREA TOTAL DA GLEBA/M²": 2615,
        "DATA DO CERTIFICADO": "2021-02-09",
        "EXPEDIENTE DISPENSA": "586/2020-D",
        "LOCALIZAÇÃO/ENDEREÇO": "RUA SAO PAULO, GLEBA \"A\"",
        "MUNICIPIO": "RIBEIRAO CORRENTE",
        "Nº DE UNIDADES HABITACIONAIS": 10,
        "PROPRIETARIO": "ALTAIR GIMENES BORGES E OUTROS",
        "SITUAÇÃO": "DISPENSADO",
        "TIPOLOGIA DA CONSTRUÇÃO": "HORIZONTAL"
      },
      "geometry": {
        "type": "MultiPolygon",
        "coordinates": [
          [
            [
              [
                -47.58849332123837,
                -20.456278005261925
              ],
              [
                -47.58821081399252,
                -20.45642279022543
              ],
              [
                -47.58804130964501,
                -20.45719615381094
              ],
              [
                -47.588242596057675,
                -20.45757753859283
              ],
              [
                -47.58849332123837,
                -20.456278005261925
              ]
            ]
          ]
        ]
      }
    },
    {
      "type": "Feature",
      "properties": {
        "ANO ENTRADA": 2020,
        "ÁREA TOTAL DA GLEBA/M²": 2590.84,
        "DATA DO CERTIFICADO": "2021-02-16",
        "EXPEDIENTE DISPENSA": "588/2020-D",
        "LOCALIZAÇÃO/ENDEREÇO": "PROLONGAMENTO DA RUA JOAO ELEUTÉRIO DA SILVA, GLEBA C",
        "MUNICIPIO": "RIBEIRAO CORRENTE",
        "Nº DE UNIDADES HABITACIONAIS": 10,
        "PROPRIETARIO": "ALTAIR GIMENES BORGES E OUTROS",
        "SITUAÇÃO": "DISPENSADO",
        "TIPOLOGIA DA CONSTRUÇÃO": "HORIZONTAL"
      },
      "geometry": {
        "type": "MultiPolygon",
        "coordinates": [
          [
            [
              [
                -47.588120176251046,
                -20.45540576414032
              ],
              [
                -47.5879930479904,
                -20.455191529478885
              ],
              [
                -47.58848743567064,
                -20.454941981411736
              ],
              [
                -47.58835324472886,
                -20.454786602426516
              ],
              [
                -47.58856277093619,
                -20.45465947416589
              ],
              [
                -47.588894716950065,
                -20.45499848286089
              ],
              [
                -47.588875883133674,
                -20.45503379626664
              ],
              [
                -47.588120176251046,
                -20.45540576414032
              ]
            ]
          ]
        ]
      }
    },
    {
      "type": "Feature",
      "properties": {
        "ANO ENTRADA": 2020,
        "ÁREA TOTAL DA GLEBA/M²": 1809.48,
        "DATA DO CERTIFICADO": "2021-02-16",
        "EXPEDIENTE DISPENSA": "591/2020-D",
        "LOCALIZAÇÃO/ENDEREÇO": "RUA FLORENCIO DE ABREU, GLEBA \"D\"",
        "MUNICIPIO": "RIBEIRAO CORRENTE",
        "Nº DE UNIDADES HABITACIONAIS": 7,
        "PROPRIETARIO": "ALTAIR GIMENES BORGES E OUTROS",
        "SITUAÇÃO": "DISPENSADO",
        "TIPOLOGIA DA CONSTRUÇÃO": "HORIZONTAL"
      },
      "geometry": {
        "type": "MultiPolygon",
        "coordinates": [
          [
            [
              [
                -47.588515686395226,
                -20.454605326943767
              ],
              [
                -47.58800952757976,
                -20.454087396993035
              ],
              [
                -47.58779058446423,
                -20.454238067524162
              ],
              [
                -47.58830851441494,
                -20.45473480943145
              ],
              [
                -47.588515686395226,
                -20.454605326943767
              ]
            ]
          ]
        ]
      }
    },
    {
      "type": "Feature",
      "properties": {
        "ANO ENTRADA": 2020,
        "ÁREA TOTAL DA GLEBA/M²": 1950.86,
        "DATA DO CERTIFICADO": "2021-02-16",
        "EXPEDIENTE DISPENSA": "587/2020-D",
        "LOCALIZAÇÃO/ENDEREÇO": "PROLONGAMENTO DA RUA JOAQUIM LOURENÇO, GLEBA B",
        "MUNICIPIO": "RIBEIRAO CORRENTE",
        "Nº DE UNIDADES HABITACIONAIS": 8,
        "PROPRIETARIO": "ALTAIR GIMENES BORGES E OUTROS",
        "SITUAÇÃO": "DISPENSADO",
        "TIPOLOGIA DA CONSTRUÇÃO": "HORIZONTAL"
      },
      "geometry": {
        "type": "MultiPolygon",
        "coordinates": [
          [
            [
              [
                -47.58807544593711,
                -20.455556434671436
              ],
              [
                -47.587811772507656,
                -20.455678854477963
              ],
              [
                -47.58818374038135,
                -20.456363934549135
              ],
              [
                -47.58848978989769,
                -20.456215618245082
              ],
              [
                -47.58807544593711,
                -20.455556434671436
              ]
            ]
          ]
        ]
      }
    },
    {
      "type": "Feature",
      "properties": {
        "ANO ENTRADA": 2021,
        "ÁREA TOTAL DA GLEBA/M²": 6654.01,
        "DATA DO CERTIFICADO": "2021-02-16",
        "EXPEDIENTE DISPENSA": "39/2021-D",
        "LOCALIZAÇÃO/ENDEREÇO": "RUA ABÍLIO ALVES DA SILVEIRA X RUA OLGA BORRI DE SOUZA X RUA ABEL DOS REIS, DOM ROMEU ALBERTI",
        "MUNICIPIO": "CASSIA DOS COQUEIROS",
        "Nº DE UNIDADES HABITACIONAIS": 35,
        "PROPRIETARIO": "CRUZEIRO EMPREENDIMENTO IMOBILIÁRIO SPE LTDA",
        "SITUAÇÃO": "DISPENSADO",
        "TIPOLOGIA DA CONSTRUÇÃO": "HORIZONTAL"
      },
      "geometry": {
        "type": "MultiPolygon",
        "coordinates": [
          [
            [
              [
                -47.16484427825465,
                -21.281558182756037
              ],
              [
                -47.16479483948662,
                -21.28177241741748
              ],
              [
                -47.16436637016375,
                -21.281706499060114
              ],
              [
                -47.16429809757934,
                -21.281285092418386
              ],
              [
                -47.164356953255556,
                -21.281212111379876
              ],
              [
                -47.16442522583998,
                -21.28121446560693
              ],
              [
                -47.166369817382204,
                -21.281536994712607
              ],
              [
                -47.166339212430564,
                -21.281777125871567
              ],
              [
                -47.16484427825465,
                -21.281558182756037
              ]
            ]
          ]
        ]
      }
    },
    {
      "type": "Feature",
      "properties": {
        "ANO ENTRADA": 2020,
        "ÁREA TOTAL DA GLEBA/M²": 12794,
        "DATA DO CERTIFICADO": "2021-02-23",
        "EXPEDIENTE DISPENSA": "603/2020-D",
        "LOCALIZAÇÃO/ENDEREÇO": "RUA FLORINDO CADURIM",
        "MUNICIPIO": "ALTINOPOLIS",
        "Nº DE UNIDADES HABITACIONAIS": 11,
        "PROPRIETARIO": "PAULO ROBERTO MIGUEL NOGUEIRA E OUTROS.",
        "SITUAÇÃO": "DISPENSADO",
        "TIPOLOGIA DA CONSTRUÇÃO": "HORIZONTAL"
      },
      "geometry": {
        "type": "MultiPolygon",
        "coordinates": [
          [
            [
              [
                -47.40258102391773,
                -21.012751819382455
              ],
              [
                -47.40075268673519,
                -21.01119379077721
              ],
              [
                -47.4011018353142,
                -21.010784573625465
              ],
              [
                -47.40285508678083,
                -21.012305059372757
              ],
              [
                -47.40258102391773,
                -21.012751819382455
              ]
            ]
          ]
        ]
      }
    },
    {
      "type": "Feature",
      "properties": {
        "ANO ENTRADA": 2021,
        "ÁREA TOTAL DA GLEBA/M²": 38074.9,
        "DATA DO CERTIFICADO": "2021-02-23",
        "EXPEDIENTE DISPENSA": "56/2021-D",
        "LOCALIZAÇÃO/ENDEREÇO": "AV. LUIZ GONZAGA JUNQUEIRA DE ANDRADE",
        "MUNICIPIO": "TUPA",
        "Nº DE UNIDADES HABITACIONAIS": 10,
        "PROPRIETARIO": "LOTEADORA ASSAI S/S LTDA",
        "SITUAÇÃO": "DISPENSADO",
        "TIPOLOGIA DA CONSTRUÇÃO": "HORIZONTAL"
      },
      "geometry": {
        "type": "MultiPolygon",
        "coordinates": [
          [
            [
              [
                -50.49995972400826,
                -21.926135764928762
              ],
              [
                -50.50086075259924,
                -21.926028767783595
              ],
              [
                -50.50086638402793,
                -21.9256627249185
              ],
              [
                -50.501097272604376,
                -21.92562893634634
              ],
              [
                -50.50140700118251,
                -21.922216290557984
              ],
              [
                -50.50100153831658,
                -21.922531650564828
              ],
              [
                -50.50042713258981,
                -21.92317926486461
              ],
              [
                -50.49995972400826,
                -21.926135764928762
              ]
            ]
          ]
        ]
      }
    },
    {
      "type": "Feature",
      "properties": {
        "ANO ENTRADA": 2021,
        "ÁREA TOTAL DA GLEBA/M²": 2055.23,
        "DATA DO CERTIFICADO": "2021-03-09",
        "EXPEDIENTE DISPENSA": "101/2021-D",
        "LOCALIZAÇÃO/ENDEREÇO": "RUA M17-A, ESQUINA COM AV. M-27, QUADRA COMPLETADA PELA AV.M-25 E RUA 18, JARDIM CHERVESON",
        "MUNICIPIO": "RIO CLARO",
        "Nº DE UNIDADES HABITACIONAIS": 14,
        "PROPRIETARIO": "SÔNIA MARIA SILVA BUENO BRESCANSIN E OUTROS",
        "SITUAÇÃO": "DISPENSADO",
        "TIPOLOGIA DA CONSTRUÇÃO": "HORIZONTAL"
      },
      "geometry": {
        "type": "MultiPolygon",
        "coordinates": [
          [
            [
              [
                -47.57264301227241,
                -22.380313259238815
              ],
              [
                -47.57246072381237,
                -22.380170435290736
              ],
              [
                -47.57243065561278,
                -22.380157280453425
              ],
              [
                -47.572398708150715,
                -22.380157280453414
              ],
              [
                -47.57236488142617,
                -22.38017795234063
              ],
              [
                -47.571987149668786,
                -22.38059890713494
              ],
              [
                -47.57219011001604,
                -22.380762402970216
              ],
              [
                -47.57264301227241,
                -22.380313259238815
              ]
            ]
          ]
        ]
      }
    },
    {
      "type": "Feature",
      "properties": {
        "ANO ENTRADA": 2021,
        "ÁREA TOTAL DA GLEBA/M²": 1796.08,
        "DATA DO CERTIFICADO": "2021-03-09",
        "EXPEDIENTE DISPENSA": "102/2021-D",
        "LOCALIZAÇÃO/ENDEREÇO": "RUA M-17, ESQUINA COM AV. M-27, JARDIM CHERVESON",
        "MUNICIPIO": "RIO CLARO",
        "Nº DE UNIDADES HABITACIONAIS": 10,
        "PROPRIETARIO": "SÔNIA MARIA SILVA BUENO BRESCANSIN E OUTROS",
        "SITUAÇÃO": "DISPENSADO",
        "TIPOLOGIA DA CONSTRUÇÃO": "HORIZONTAL"
      },
      "geometry": {
        "type": "MultiPolygon",
        "coordinates": [
          [
            [
              [
                -47.57253777357383,
                -22.379717533034363
              ],
              [
                -47.57236863995113,
                -22.379958078631116
              ],
              [
                -47.572015338605915,
                -22.3796855855723
              ],
              [
                -47.571989028931256,
                -22.379666792947564
              ],
              [
                -47.57197775335642,
                -22.379636724747964
              ],
              [
                -47.57197023630651,
                -22.379574709086306
              ],
              [
                -47.571975874093944,
                -22.37955215793661
              ],
              [
                -47.572092388367366,
                -22.3793830243139
              ],
              [
                -47.57253777357383,
                -22.379717533034363
              ]
            ]
          ]
        ]
      }
    },
    {
      "type": "Feature",
      "properties": {
        "ANO ENTRADA": 2021,
        "ÁREA TOTAL DA GLEBA/M²": 9996.34,
        "DATA DO CERTIFICADO": "2021-03-16",
        "EXPEDIENTE DISPENSA": "14/2021-D",
        "LOCALIZAÇÃO/ENDEREÇO": "RUA JOSE NICOLELLA, GLEBA \"1B - 2\", FAZENDA SANTA LUIZA",
        "MUNICIPIO": "TAMBAU",
        "Nº DE UNIDADES HABITACIONAIS": 30,
        "PROPRIETARIO": "MURILO JOSÉ BARBON",
        "SITUAÇÃO": "DISPENSADO",
        "TIPOLOGIA DA CONSTRUÇÃO": "HORIZONTAL"
      },
      "geometry": {
        "type": "MultiPolygon",
        "coordinates": [
          [
            [
              [
                -47.281145559328785,
                -21.717245592667346
              ],
              [
                -47.281478541148495,
                -21.71736055067652
              ],
              [
                -47.2809433917954,
                -21.71872419050962
              ],
              [
                -47.28083239785549,
                -21.718668693539655
              ],
              [
                -47.28024571560174,
                -21.720111614758377
              ],
              [
                -47.280047512137614,
                -21.72003233337273
              ],
              [
                -47.281145559328785,
                -21.717245592667346
              ]
            ]
          ]
        ]
      }
    },
    {
      "type": "Feature",
      "properties": {
        "ANO ENTRADA": 2021,
        "ÁREA TOTAL DA GLEBA/M²": 18212.98,
        "DATA DO CERTIFICADO": "2021-04-27",
        "EXPEDIENTE DISPENSA": "149/2021-D",
        "LOCALIZAÇÃO/ENDEREÇO": "ÁREA 1 - AVENIDA 11 (ANTIGA RODOVIA VICINAL PREFEITO PERÁCIO RODRIGUES D' ASSUNÇÃO)",
        "MUNICIPIO": "RIOLANDIA",
        "Nº DE UNIDADES HABITACIONAIS": 26,
        "PROPRIETARIO": "LOTEAMENTO MARTINS & BUENO RIOLÂNDIA LTDA",
        "SITUAÇÃO": "DISPENSADO",
        "TIPOLOGIA DA CONSTRUÇÃO": "HORIZONTAL"
      },
      "geometry": {
        "type": "MultiPolygon",
        "coordinates": [
          [
            [
              [
                -49.67847570974541,
                -19.955746859371576
              ],
              [
                -49.677009484135,
                -19.955834657312316
              ],
              [
                -49.676934855885364,
                -19.956093661237514
              ],
              [
                -49.67803233014466,
                -19.956049762267146
              ],
              [
                -49.677979651380205,
                -19.956967250747894
              ],
              [
                -49.67789185343946,
                -19.956962860850858
              ],
              [
                -49.677891853439455,
                -19.957072608276786
              ],
              [
                -49.67759773033797,
                -19.957076998173825
              ],
              [
                -49.677501152603156,
                -19.95862224193089
              ],
              [
                -49.67819914623207,
                -19.958718819665727
              ],
              [
                -49.67849765923059,
                -19.95604537237008
              ],
              [
                -49.67847570974541,
                -19.955746859371576
              ]
            ]
          ]
        ]
      }
    },
    {
      "type": "Feature",
      "properties": {
        "ANO ENTRADA": 2021,
        "ÁREA TOTAL DA GLEBA/M²": 3944,
        "DATA DO CERTIFICADO": "2021-05-04",
        "EXPEDIENTE DISPENSA": "174/2021-D",
        "LOCALIZAÇÃO/ENDEREÇO": "RUA DAVID DE MELO, S/N.°",
        "MUNICIPIO": "NEVES PAULISTA",
        "Nº DE UNIDADES HABITACIONAIS": 20,
        "PROPRIETARIO": "MATHILDE SAES MANO CERANTOLA",
        "SITUAÇÃO": "DISPENSADO",
        "TIPOLOGIA DA CONSTRUÇÃO": "HORIZONTAL"
      },
      "geometry": {
        "type": "MultiPolygon",
        "coordinates": [
          [
            [
              [
                -49.62307961992873,
                -20.84999998085604
              ],
              [
                -49.62176819552762,
                -20.851300857607782
              ],
              [
                -49.621915862618366,
                -20.85145907234788
              ],
              [
                -49.623230802902576,
                -20.8501265526481
              ],
              [
                -49.62307961992873,
                -20.84999998085604
              ]
            ]
          ]
        ]
      }
    },
    {
      "type": "Feature",
      "properties": {
        "ANO ENTRADA": 2020,
        "ÁREA TOTAL DA GLEBA/M²": 32167.35,
        "DATA DO CERTIFICADO": "2021-05-11",
        "EXPEDIENTE DISPENSA": "516/2020-D",
        "LOCALIZAÇÃO/ENDEREÇO": "RUA ADAMO MAGORPO, S/N°, CHÁCARA BOA VISTA",
        "MUNICIPIO": "SAO MANUEL",
        "Nº DE UNIDADES HABITACIONAIS": 15,
        "PROPRIETARIO": "CONSTRUTORA J. SOGAME LTDA",
        "SITUAÇÃO": "DISPENSADO",
        "TIPOLOGIA DA CONSTRUÇÃO": "HORIZONTAL"
      },
      "geometry": {
        "type": "MultiPolygon",
        "coordinates": [
          [
            [
              [
                -48.549852783841544,
                -22.73260772070809
              ],
              [
                -48.54879098714145,
                -22.732776483097513
              ],
              [
                -48.54872418536232,
                -22.732590141292537
              ],
              [
                -48.549828172659744,
                -22.732435442435573
              ],
              [
                -48.549852783841544,
                -22.73260772070809
              ]
            ]
          ]
        ]
      }
    },
    {
      "type": "Feature",
      "properties": {
        "ANO ENTRADA": 2021,
        "ÁREA TOTAL DA GLEBA/M²": 4856.5181,
        "DATA DO CERTIFICADO": "2021-05-11",
        "EXPEDIENTE DISPENSA": "72/2021-D",
        "LOCALIZAÇÃO/ENDEREÇO": "AV. JOÃO CALTABIANO, N° 838",
        "MUNICIPIO": "ROSEIRA",
        "Nº DE UNIDADES HABITACIONAIS": 16,
        "PROPRIETARIO": "JOSÉ JASÃO LARA JÚNIOR",
        "SITUAÇÃO": "DISPENSADO",
        "TIPOLOGIA DA CONSTRUÇÃO": "HORIZONTAL"
      },
      "geometry": {
        "type": "MultiPolygon",
        "coordinates": [
          [
            [
              [
                -45.31277392799594,
                -22.903888361405553
              ],
              [
                -45.31262362399286,
                -22.903819801684858
              ],
              [
                -45.312602528694185,
                -22.903751241964148
              ],
              [
                -45.3126948206259,
                -22.903556110451383
              ],
              [
                -45.312272914652354,
                -22.903355705113956
              ],
              [
                -45.311932752961184,
                -22.903498098380012
              ],
              [
                -45.31229400995103,
                -22.904297082817422
              ],
              [
                -45.312634171642195,
                -22.90419160632404
              ],
              [
                -45.31277392799594,
                -22.903888361405553
              ]
            ]
          ]
        ]
      }
    },
    {
      "type": "Feature",
      "properties": {
        "ANO ENTRADA": 2021,
        "ÁREA TOTAL DA GLEBA/M²": 15470,
        "DATA DO CERTIFICADO": "2021-05-18",
        "EXPEDIENTE DISPENSA": "189/2021-D",
        "LOCALIZAÇÃO/ENDEREÇO": "AV. BENJAMIN GOBBI, S/N°, JARDIM PRIMAVERA",
        "MUNICIPIO": "IGARAPAVA",
        "Nº DE UNIDADES HABITACIONAIS": 21,
        "PROPRIETARIO": "TERRA FIRME ADMINISTRADORA DE BENS PROPRIOS LTDA",
        "SITUAÇÃO": "DISPENSADO",
        "TIPOLOGIA DA CONSTRUÇÃO": "HORIZONTAL"
      },
      "geometry": {
        "type": "MultiPolygon",
        "coordinates": [
          [
            [
              [
                -47.75073229824927,
                -20.03106099777312
              ],
              [
                -47.75105268309794,
                -20.029672663428915
              ],
              [
                -47.75160334455657,
                -20.029789470404992
              ],
              [
                -47.75135638123573,
                -20.03114776866962
              ],
              [
                -47.75118951412704,
                -20.0311377566431
              ],
              [
                -47.75073229824927,
                -20.03106099777312
              ]
            ]
          ]
        ]
      }
    },
    {
      "type": "Feature",
      "properties": {
        "ANO ENTRADA": 2021,
        "ÁREA TOTAL DA GLEBA/M²": 10477,
        "DATA DO CERTIFICADO": "2021-06-15",
        "EXPEDIENTE DISPENSA": "202/2021-D",
        "LOCALIZAÇÃO/ENDEREÇO": "RUA MINAS GERAIS, LADO PAR",
        "MUNICIPIO": "ESTRELA D'OESTE",
        "Nº DE UNIDADES HABITACIONAIS": 26,
        "PROPRIETARIO": "PEDRO CÂNDIDO MIRANDA E OUTRA",
        "SITUAÇÃO": "DISPENSADO",
        "TIPOLOGIA DA CONSTRUÇÃO": "HORIZONTAL"
      },
      "geometry": {
        "type": "MultiPolygon",
        "coordinates": [
          [
            [
              [
                -50.3927551974574,
                -20.288292634836417
              ],
              [
                -50.39277190301007,
                -20.288626745889886
              ],
              [
                -50.39150896322793,
                -20.288920763616932
              ],
              [
                -50.39042644341467,
                -20.289361790207536
              ],
              [
                -50.38987516017643,
                -20.289502116850006
              ],
              [
                -50.389998781266215,
                -20.289017655822466
              ],
              [
                -50.390489924514824,
                -20.28898090360658
              ],
              [
                -50.39091090444221,
                -20.288840576964112
              ],
              [
                -50.39133522548012,
                -20.288686885879518
              ],
              [
                -50.39165597209146,
                -20.288569947010807
              ],
              [
                -50.39198340092387,
                -20.28846971369475
              ],
              [
                -50.3927551974574,
                -20.288292634836417
              ]
            ]
          ]
        ]
      }
    },
    {
      "type": "Feature",
      "properties": {
        "ANO ENTRADA": 2021,
        "ÁREA TOTAL DA GLEBA/M²": 1880,
        "DATA DO CERTIFICADO": "2021-06-15",
        "EXPEDIENTE DISPENSA": "261/2021-D",
        "LOCALIZAÇÃO/ENDEREÇO": "RUA JOÃO LOURENÇO MUNHOZ, BAIRRO JARDIM CANOVA, LOTE 15, QUADRA 10, SETOR 81",
        "MUNICIPIO": "BALSAMO",
        "Nº DE UNIDADES HABITACIONAIS": 3,
        "PROPRIETARIO": "BAL-LAJE INDÚSTRIA E COMÉRCIO DE PRÉ-MOLDADOS DE CIMENTO LTDA",
        "SITUAÇÃO": "DISPENSADO",
        "TIPOLOGIA DA CONSTRUÇÃO": "HORIZONTAL"
      },
      "geometry": {
        "type": "MultiPolygon",
        "coordinates": [
          [
            [
              [
                -49.574318431415236,
                -20.739778571955256
              ],
              [
                -49.57419313977019,
                -20.739584787544253
              ],
              [
                -49.574884749650884,
                -20.7391420903984
              ],
              [
                -49.57490312575882,
                -20.73917216039321
              ],
              [
                -49.574764469671635,
                -20.73925568815659
              ],
              [
                -49.57488642020615,
                -20.73940269702011
              ],
              [
                -49.574318431415236,
                -20.739778571955256
              ]
            ]
          ]
        ]
      }
    },
    {
      "type": "Feature",
      "properties": {
        "ANO ENTRADA": 2021,
        "ÁREA TOTAL DA GLEBA/M²": 3700.8,
        "DATA DO CERTIFICADO": "2021-06-15",
        "EXPEDIENTE DISPENSA": "264/2021-D",
        "LOCALIZAÇÃO/ENDEREÇO": "AV. JOSÉ ANTÔNIO PINTO, AV. ROMEU MAIA SOUTO, AV. ROMEU RODRIGUES FIGUEIREDO E AV. ANTÔNIO GONÇALVES DA SILVA",
        "MUNICIPIO": "JOSE BONIFACIO",
        "Nº DE UNIDADES HABITACIONAIS": 8,
        "PROPRIETARIO": "VALENTIM DE JESUS MACHADO JUNIOR E OUTROS",
        "SITUAÇÃO": "DISPENSADO",
        "TIPOLOGIA DA CONSTRUÇÃO": "HORIZONTAL"
      },
      "geometry": {
        "type": "MultiPolygon",
        "coordinates": [
          [
            [
              [
                -49.692523581024936,
                -21.049594740178776
              ],
              [
                -49.69249184047485,
                -21.04959641073403
              ],
              [
                -49.69217610552932,
                -21.049972285669188
              ],
              [
                -49.6929662781708,
                -21.050396606707096
              ],
              [
                -49.69314168647387,
                -21.05017776396708
              ],
              [
                -49.692523581024936,
                -21.049594740178776
              ]
            ]
          ]
        ]
      }
    },
    {
      "type": "Feature",
      "properties": {
        "ANO ENTRADA": 2021,
        "ÁREA TOTAL DA GLEBA/M²": 20300.11,
        "DATA DO CERTIFICADO": "2021-06-22",
        "EXPEDIENTE DISPENSA": "168/2021-D",
        "LOCALIZAÇÃO/ENDEREÇO": "RUA DES. MANOEL CARLOS DE FIGUEIREDO FERRAZ (ANTIGA ESTRADA PARA JOSÉ BONIFÁCIO)",
        "MUNICIPIO": "JACI",
        "Nº DE UNIDADES HABITACIONAIS": 16,
        "PROPRIETARIO": "JESSICA MARIA RAMIRES DE SOUZA E DENISE MUNHOZ RAMIRES DE SOUZA",
        "SITUAÇÃO": "DISPENSADO",
        "TIPOLOGIA DA CONSTRUÇÃO": "HORIZONTAL"
      },
      "geometry": {
        "type": "MultiPolygon",
        "coordinates": [
          [
            [
              [
                -49.574629154695025,
                -20.88675736549039
              ],
              [
                -49.5746358369161,
                -20.88663708551114
              ],
              [
                -49.574832962437654,
                -20.88664710884274
              ],
              [
                -49.57483630354818,
                -20.8864900766476
              ],
              [
                -49.57508688683829,
                -20.886490076647597
              ],
              [
                -49.575106933501495,
                -20.88610919004664
              ],
              [
                -49.575601417860646,
                -20.886139260041467
              ],
              [
                -49.575554642313165,
                -20.888411215205103
              ],
              [
                -49.57484632687978,
                -20.888097150814843
              ],
              [
                -49.57470600023732,
                -20.88796016528291
              ],
              [
                -49.57462915469502,
                -20.88780981530884
              ],
              [
                -49.5745990847002,
                -20.887575937571402
              ],
              [
                -49.57460576692128,
                -20.887208415412587
              ],
              [
                -49.57479621022177,
                -20.887225120965255
              ],
              [
                -49.57482628021658,
                -20.886757365490382
              ],
              [
                -49.574629154695025,
                -20.88675736549039
              ]
            ]
          ]
        ]
      }
    },
    {
      "type": "Feature",
      "properties": {
        "ANO ENTRADA": 2021,
        "ÁREA TOTAL DA GLEBA/M²": 3834,
        "DATA DO CERTIFICADO": "2021-06-22",
        "EXPEDIENTE DISPENSA": "260/2021-D",
        "LOCALIZAÇÃO/ENDEREÇO": "RUA ANTÔNIO BATISTA RODRIGUES X RUA MAJOR GERCINO, CENTRO",
        "MUNICIPIO": "MIRASSOLANDIA",
        "Nº DE UNIDADES HABITACIONAIS": 13,
        "PROPRIETARIO": "JOSÉ DE SAMPAIO E OUTROS",
        "SITUAÇÃO": "DISPENSADO",
        "TIPOLOGIA DA CONSTRUÇÃO": "HORIZONTAL"
      },
      "geometry": {
        "type": "MultiPolygon",
        "coordinates": [
          [
            [
              [
                -49.465378181318556,
                -20.614273095827137
              ],
              [
                -49.46563544682974,
                -20.61431987137464
              ],
              [
                -49.465538554624224,
                -20.614841084618057
              ],
              [
                -49.46590607678305,
                -20.61489120127608
              ],
              [
                -49.46586932456717,
                -20.61524201788222
              ],
              [
                -49.4652478780077,
                -20.61511839679244
              ],
              [
                -49.465378181318556,
                -20.614273095827137
              ]
            ]
          ]
        ]
      }
    },
    {
      "type": "Feature",
      "properties": {
        "ANO ENTRADA": 2021,
        "ÁREA TOTAL DA GLEBA/M²": 30784,
        "DATA DO CERTIFICADO": "2021-06-29",
        "EXPEDIENTE DISPENSA": "256/2021-D",
        "LOCALIZAÇÃO/ENDEREÇO": "AVENIDA HERMENEGILDO LOPES PEDROSO",
        "MUNICIPIO": "ADAMANTINA",
        "Nº DE UNIDADES HABITACIONAIS": 12,
        "PROPRIETARIO": "SIDNEI ALZIDIO PINTO E SONIA TERRAZ PINTO",
        "SITUAÇÃO": "DISPENSADO",
        "TIPOLOGIA DA CONSTRUÇÃO": "HORIZONTAL"
      },
      "geometry": {
        "type": "MultiPolygon",
        "coordinates": [
          [
            [
              [
                -51.062905125190305,
                -21.679310548219718
              ],
              [
                -51.06097396330121,
                -21.680560123559733
              ],
              [
                -51.06151522320784,
                -21.68150231673054
              ],
              [
                -51.063559982855125,
                -21.680259423611602
              ],
              [
                -51.062905125190305,
                -21.679310548219718
              ]
            ]
          ]
        ]
      }
    },
    {
      "type": "Feature",
      "properties": {
        "ANO ENTRADA": 2021,
        "ÁREA TOTAL DA GLEBA/M²": 66700.16,
        "DATA DO CERTIFICADO": "2021-07-20",
        "EXPEDIENTE DISPENSA": "301/2021-D",
        "LOCALIZAÇÃO/ENDEREÇO": "AV. SAO VICENTE DE PAULO, BAIRRO DA PERNAMBUCANA",
        "MUNICIPIO": "SAO JOSE DOS CAMPOS",
        "Nº DE UNIDADES HABITACIONAIS": 6,
        "PROPRIETARIO": "MILLION TOP EMPREENDIMENTOS IMOBILIÁRIOS E PARTICIPAÇÕES LTDA",
        "SITUAÇÃO": "DISPENSADO",
        "TIPOLOGIA DA CONSTRUÇÃO": "HORIZONTAL"
      },
      "geometry": {
        "type": "MultiPolygon",
        "coordinates": [
          [
            [
              [
                -45.836399322972746,
                -23.254876488623854
              ],
              [
                -45.83721588560444,
                -23.25458252607646
              ],
              [
                -45.837428191888684,
                -23.2543212260343
              ],
              [
                -45.836105360425336,
                -23.25055687230217
              ],
              [
                -45.83449673204088,
                -23.250867166102225
              ],
              [
                -45.836399322972746,
                -23.254876488623854
              ]
            ]
          ]
        ]
      }
    },
    {
      "type": "Feature",
      "properties": {
        "ANO ENTRADA": 2021,
        "ÁREA TOTAL DA GLEBA/M²": 10111.15,
        "DATA DO CERTIFICADO": "2021-07-27",
        "EXPEDIENTE DISPENSA": "215/2021-D",
        "LOCALIZAÇÃO/ENDEREÇO": "RUA ANTONIO BENEDITO DI MUZZIO, LOTE 14, QUADRA 141",
        "MUNICIPIO": "BARRA BONITA",
        "Nº DE UNIDADES HABITACIONAIS": 21,
        "PROPRIETARIO": "SEMAM TERRAPLENAGEM E PAVIMENTAÇÃO LTDA",
        "SITUAÇÃO": "DISPENSADO",
        "TIPOLOGIA DA CONSTRUÇÃO": "HORIZONTAL"
      },
      "geometry": {
        "type": "MultiPolygon",
        "coordinates": [
          [
            [
              [
                -48.562291569648124,
                -22.4923641789237
              ],
              [
                -48.56075643190054,
                -22.492278439847375
              ],
              [
                -48.56070335532947,
                -22.49230293672634
              ],
              [
                -48.56068294126368,
                -22.492356013297396
              ],
              [
                -48.560678858450515,
                -22.492400924242144
              ],
              [
                -48.56074418346106,
                -22.492494828944782
              ],
              [
                -48.56078501159264,
                -22.492572402394806
              ],
              [
                -48.56089116473476,
                -22.49293168995275
              ],
              [
                -48.56093199286635,
                -22.49298884933696
              ],
              [
                -48.560976903811095,
                -22.493029677468545
              ],
              [
                -48.56215275400074,
                -22.492882696194847
              ],
              [
                -48.56222624463759,
                -22.492850033689585
              ],
              [
                -48.56225890714286,
                -22.492768377426394
              ],
              [
                -48.56230790090076,
                -22.492466249252672
              ],
              [
                -48.56230381808761,
                -22.492388675802662
              ],
              [
                -48.562291569648124,
                -22.4923641789237
              ]
            ]
          ]
        ]
      }
    },
    {
      "type": "Feature",
      "properties": {
        "ANO ENTRADA": 2021,
        "ÁREA TOTAL DA GLEBA/M²": 4211.67,
        "DATA DO CERTIFICADO": "2021-08-03",
        "EXPEDIENTE DISPENSA": "374/2021-D",
        "LOCALIZAÇÃO/ENDEREÇO": "RUA DR. WILSON MARTINS LARA, RUA LUIZ BERTONCINI, RUA PROJETADA E RUA LUIZ PIERUZZI, JARDIM BOA ESPERANÇA",
        "MUNICIPIO": "TAMBAU",
        "Nº DE UNIDADES HABITACIONAIS": 28,
        "PROPRIETARIO": "PREFEITURA MUNICIPAL DE TAMBAÚ",
        "SITUAÇÃO": "DISPENSADO",
        "TIPOLOGIA DA CONSTRUÇÃO": "HORIZONTAL"
      },
      "geometry": {
        "type": "MultiPolygon",
        "coordinates": [
          [
            [
              [
                -47.266131561705706,
                -21.713444829374215
              ],
              [
                -47.265799035712135,
                -21.71349028256758
              ],
              [
                -47.265744013425426,
                -21.713552481674284
              ],
              [
                -47.26574640569876,
                -21.71365534942769
              ],
              [
                -47.26590190346555,
                -21.714502214188304
              ],
              [
                -47.26592104165223,
                -21.714526136921656
              ],
              [
                -47.26599280985227,
                -21.71453331374165
              ],
              [
                -47.26627509810581,
                -21.714485468274972
              ],
              [
                -47.26631815902584,
                -21.7144687223616
              ],
              [
                -47.26634208175919,
                -21.7144471919016
              ],
              [
                -47.26634208175919,
                -21.714387385068218
              ],
              [
                -47.26617701489907,
                -21.71353334348761
              ],
              [
                -47.26614830761904,
                -21.713459183014212
              ],
              [
                -47.266131561705706,
                -21.713444829374215
              ]
            ]
          ]
        ]
      }
    },
    {
      "type": "Feature",
      "properties": {
        "ANO ENTRADA": 2021,
        "ÁREA TOTAL DA GLEBA/M²": 3917.43,
        "DATA DO CERTIFICADO": "2021-08-10",
        "EXPEDIENTE DISPENSA": "375/2021-D",
        "LOCALIZAÇÃO/ENDEREÇO": "RUA DR. WILSON MARTINS LARA X RUA FRANCISCO DE OLIVEIRA X RUA SEM DENOMINAÇÃO (MAT. 12.833)",
        "MUNICIPIO": "TAMBAU",
        "Nº DE UNIDADES HABITACIONAIS": 28,
        "PROPRIETARIO": "MUNICÍPIO DE TAMBAÚ",
        "SITUAÇÃO": "DISPENSADO",
        "TIPOLOGIA DA CONSTRUÇÃO": "HORIZONTAL"
      },
      "geometry": {
        "type": "MultiPolygon",
        "coordinates": [
          [
            [
              [
                -47.26552751268856,
                -21.712158982456646
              ],
              [
                -47.265767936158724,
                -21.712131471313285
              ],
              [
                -47.26581219321543,
                -21.712131471313278
              ],
              [
                -47.2658313314021,
                -21.712174532233323
              ],
              [
                -47.265845685042116,
                -21.712203239513332
              ],
              [
                -47.2660083596289,
                -21.713022593130596
              ],
              [
                -47.26564473408197,
                -21.713082399963973
              ],
              [
                -47.26551315904855,
                -21.712304911130076
              ],
              [
                -47.26549402086186,
                -21.712192474283334
              ],
              [
                -47.265501197681864,
                -21.712161374729973
              ],
              [
                -47.26552751268856,
                -21.712158982456646
              ]
            ]
          ]
        ]
      }
    },
    {
      "type": "Feature",
      "properties": {
        "ANO ENTRADA": 2021,
        "ÁREA TOTAL DA GLEBA/M²": 12978.95,
        "DATA DO CERTIFICADO": "2021-08-10",
        "EXPEDIENTE DISPENSA": "381/2021-D",
        "LOCALIZAÇÃO/ENDEREÇO": "RUA CAPITAO ANTÔNIO RIBEIRO, S/N°",
        "MUNICIPIO": "GUARA",
        "Nº DE UNIDADES HABITACIONAIS": 21,
        "PROPRIETARIO": "HILDA ALCÂNTARA DA ROCHA E OUTROS",
        "SITUAÇÃO": "DISPENSADO",
        "TIPOLOGIA DA CONSTRUÇÃO": "HORIZONTAL"
      },
      "geometry": {
        "type": "MultiPolygon",
        "coordinates": [
          [
            [
              [
                -47.81874550596317,
                -20.429922603403572
              ],
              [
                -47.817642069887384,
                -20.430248251611292
              ],
              [
                -47.81788967017756,
                -20.430988361174336
              ],
              [
                -47.81944524591366,
                -20.43046355621146
              ],
              [
                -47.81900387148335,
                -20.430232103766283
              ],
              [
                -47.818842393033236,
                -20.430102921006192
              ],
              [
                -47.81874550596317,
                -20.429922603403572
              ]
            ]
          ]
        ]
      }
    },
    {
      "type": "Feature",
      "properties": {
        "ANO ENTRADA": 2021,
        "ÁREA TOTAL DA GLEBA/M²": 621.55,
        "DATA DO CERTIFICADO": "2021-08-10",
        "EXPEDIENTE DISPENSA": "384/2021-D",
        "LOCALIZAÇÃO/ENDEREÇO": "RUA SEM DENOMINAÇÃO, JARDIM BOA ESPERANÇA",
        "MUNICIPIO": "TAMBAU",
        "Nº DE UNIDADES HABITACIONAIS": 5,
        "PROPRIETARIO": "MUNICÍPIO DE TAMBAÚ",
        "SITUAÇÃO": "DISPENSADO",
        "TIPOLOGIA DA CONSTRUÇÃO": "HORIZONTAL"
      },
      "geometry": {
        "type": "MultiPolygon",
        "coordinates": [
          [
            [
              [
                -47.266545051200346,
                -21.71293415377471
              ],
              [
                -47.26615481161258,
                -21.712996390260695
              ],
              [
                -47.26613967300787,
                -21.712939199976287
              ],
              [
                -47.26614303714225,
                -21.712907240699707
              ],
              [
                -47.26615312954538,
                -21.712887055893425
              ],
              [
                -47.266186770889156,
                -21.712866871087183
              ],
              [
                -47.26647440437842,
                -21.712823137340255
              ],
              [
                -47.266497953319075,
                -21.71282145527307
              ],
              [
                -47.26652150225971,
                -21.71283154767621
              ],
              [
                -47.26653327673003,
                -21.71284500421372
              ],
              [
                -47.266545051200346,
                -21.71293415377471
              ]
            ]
          ]
        ]
      }
    },
    {
      "type": "Feature",
      "properties": {
        "ANO ENTRADA": 2021,
        "ÁREA TOTAL DA GLEBA/M²": 605.19,
        "DATA DO CERTIFICADO": "2021-08-10",
        "EXPEDIENTE DISPENSA": "385/2021-D",
        "LOCALIZAÇÃO/ENDEREÇO": "RUA SEM DENOMINAÇÃO, JARDIM BOA ESPERANÇA",
        "MUNICIPIO": "TAMBAU",
        "Nº DE UNIDADES HABITACIONAIS": 5,
        "PROPRIETARIO": "MUNICÍPIO DE TAMBAÚ",
        "SITUAÇÃO": "DISPENSADO",
        "TIPOLOGIA DA CONSTRUÇÃO": "HORIZONTAL"
      },
      "geometry": {
        "type": "MultiPolygon",
        "coordinates": [
          [
            [
              [
                -47.26647776851281,
                -21.712562416926016
              ],
              [
                -47.26649122505031,
                -21.712616243076056
              ],
              [
                -47.266479450579986,
                -21.712665023024517
              ],
              [
                -47.266427306497135,
                -21.71270371056987
              ],
              [
                -47.26636507001115,
                -21.712715485040174
              ],
              [
                -47.266180042620405,
                -21.71275249051833
              ],
              [
                -47.26612285233599,
                -21.712760900854274
              ],
              [
                -47.266092575126585,
                -21.712740716048007
              ],
              [
                -47.266072390320325,
                -21.712700346435486
              ],
              [
                -47.26606229791719,
                -21.712628017546354
              ],
              [
                -47.26647776851281,
                -21.712562416926016
              ]
            ]
          ]
        ]
      }
    },
    {
      "type": "Feature",
      "properties": {
        "ANO ENTRADA": 2021,
        "ÁREA TOTAL DA GLEBA/M²": 48662.96,
        "DATA DO CERTIFICADO": "2021-08-24",
        "EXPEDIENTE DISPENSA": "414/2021-D",
        "LOCALIZAÇÃO/ENDEREÇO": "AV. ADRIANO BERTOZZI, LOTES 138-A, 139 E 139-B, VILA CARMOSINA",
        "MUNICIPIO": "SAO PAULO",
        "Nº DE UNIDADES HABITACIONAIS": 2,
        "PROPRIETARIO": "TENDA NEGÓCIOS IMOBILIÁRIOS S/A",
        "SITUAÇÃO": "DISPENSADO",
        "TIPOLOGIA DA CONSTRUÇÃO": "HORIZONTAL"
      },
      "geometry": {
        "type": "MultiPolygon",
        "coordinates": [
          [
            [
              [
                -46.45273066186025,
                -23.572788432507522
              ],
              [
                -46.45217681714239,
                -23.572104603825263
              ],
              [
                -46.451925326428665,
                -23.571923756570467
              ],
              [
                -46.45310648506165,
                -23.57021983634152
              ],
              [
                -46.45394855509188,
                -23.570807589919653
              ],
              [
                -46.45273066186025,
                -23.572788432507522
              ]
            ]
          ]
        ]
      }
    },
    {
      "type": "Feature",
      "properties": {
        "ANO ENTRADA": 2021,
        "ÁREA TOTAL DA GLEBA/M²": 9300.15,
        "DATA DO CERTIFICADO": "2021-08-24",
        "EXPEDIENTE DISPENSA": "420/2021-D",
        "LOCALIZAÇÃO/ENDEREÇO": "ESTRADA MUNICIPAL SFS-040, CÓRREGO MARRUCO, \"GLEBA B\" - MONTE LÍBANO",
        "MUNICIPIO": "SANTA FE DO SUL",
        "Nº DE UNIDADES HABITACIONAIS": 29,
        "PROPRIETARIO": "LOTEAMENTOS MV URUPES LTDA",
        "SITUAÇÃO": "DISPENSADO",
        "TIPOLOGIA DA CONSTRUÇÃO": "HORIZONTAL"
      },
      "geometry": {
        "type": "MultiPolygon",
        "coordinates": [
          [
            [
              [
                -50.91226669558644,
                -20.202007179923488
              ],
              [
                -50.91215940583322,
                -20.202264675331218
              ],
              [
                -50.908883492034825,
                -20.20178067933335
              ],
              [
                -50.908811965532685,
                -20.201749684515743
              ],
              [
                -50.908778586498336,
                -20.201692463314032
              ],
              [
                -50.90879766023225,
                -20.20162570524536
              ],
              [
                -50.908840576133535,
                -20.201561331393428
              ],
              [
                -50.90890018155199,
                -20.20152556814235
              ],
              [
                -50.91226669558644,
                -20.202007179923488
              ]
            ]
          ]
        ]
      }
    },
    {
      "type": "Feature",
      "properties": {
        "ANO ENTRADA": 2021,
        "ÁREA TOTAL DA GLEBA/M²": 38381.083,
        "DATA DO CERTIFICADO": "2021-09-14",
        "EXPEDIENTE DISPENSA": "455/2021-D",
        "LOCALIZAÇÃO/ENDEREÇO": "RUA CASTRO ALVES (LADO PAR), ESQUINA COM A RUA ROSELI SILVA SOUZA LÓPES (LADO ÍMPAR)",
        "MUNICIPIO": "QUEIROZ",
        "Nº DE UNIDADES HABITACIONAIS": 34,
        "PROPRIETARIO": "EURICO BEZERRA DE CARVALHO E OUTRA",
        "SITUAÇÃO": "DISPENSADO",
        "TIPOLOGIA DA CONSTRUÇÃO": "HORIZONTAL"
      },
      "geometry": {
        "type": "MultiPolygon",
        "coordinates": [
          [
            [
              [
                -50.232779104441164,
                -21.794548676847768
              ],
              [
                -50.23321336792549,
                -21.794061336715362
              ],
              [
                -50.23368623260843,
                -21.794080637314657
              ],
              [
                -50.234207348789624,
                -21.79414818941223
              ],
              [
                -50.234646437423784,
                -21.79426881815787
              ],
              [
                -50.235017973960375,
                -21.79444252355159
              ],
              [
                -50.23541363624609,
                -21.794650004994125
              ],
              [
                -50.23563076798826,
                -21.79476580858994
              ],
              [
                -50.23583342428095,
                -21.79489608763523
              ],
              [
                -50.235925102127645,
                -21.79499741578158
              ],
              [
                -50.23469468892204,
                -21.796194052938404
              ],
              [
                -50.232779104441164,
                -21.794548676847768
              ]
            ]
          ]
        ]
      }
    },
    {
      "type": "Feature",
      "properties": {
        "ANO ENTRADA": 2021,
        "ÁREA TOTAL DA GLEBA/M²": 33552.73,
        "DATA DO CERTIFICADO": "2021-10-05",
        "EXPEDIENTE DISPENSA": "482/2021-D",
        "LOCALIZAÇÃO/ENDEREÇO": "RUA DR. FAUSTO FERREIRA TELLES FILHO, N.° 445, CHÁCARA TRÊS MARIAS, BAIRRO CAJURU",
        "MUNICIPIO": "SOROCABA",
        "Nº DE UNIDADES HABITACIONAIS": 43,
        "PROPRIETARIO": "TRÊS MARIAS INVESTIMENTOS E PARTICIPAÇÕES SOROCABA LTDA",
        "SITUAÇÃO": "DISPENSADO",
        "TIPOLOGIA DA CONSTRUÇÃO": "HORIZONTAL"
      },
      "geometry": {
        "type": "MultiPolygon",
        "coordinates": [
          [
            [
              [
                -47.36578662988059,
                -23.39449859351116
              ],
              [
                -47.36628989303152,
                -23.393941409308344
              ],
              [
                -47.36758998950477,
                -23.394474628599216
              ],
              [
                -47.368982950011834,
                -23.39434881281148
              ],
              [
                -47.368938015801916,
                -23.394504584739146
              ],
              [
                -47.36896198071386,
                -23.39456749263301
              ],
              [
                -47.36901290615176,
                -23.394651369824835
              ],
              [
                -47.36903986667771,
                -23.39469330842074
              ],
              [
                -47.36903087983572,
                -23.394765203156584
              ],
              [
                -47.3690398666777,
                -23.39480115052453
              ],
              [
                -47.369051849133676,
                -23.39487604087435
              ],
              [
                -47.369063831589656,
                -23.39493595315423
              ],
              [
                -47.36910876579957,
                -23.395049786485988
              ],
              [
                -47.36914471316747,
                -23.395172606659735
              ],
              [
                -47.369105770185556,
                -23.395334369815384
              ],
              [
                -47.36906083597566,
                -23.395487146129057
              ],
              [
                -47.369033875449716,
                -23.395594988232848
              ],
              [
                -47.36899493246781,
                -23.39572979086254
              ],
              [
                -47.3689949324678,
                -23.39579269875642
              ],
              [
                -47.369018897379746,
                -23.395864593492263
              ],
              [
                -47.36899792808178,
                -23.39588556279022
              ],
              [
                -47.36578662988059,
                -23.39449859351116
              ]
            ]
          ]
        ]
      }
    },
    {
      "type": "Feature",
      "properties": {
        "ANO ENTRADA": 2021,
        "ÁREA TOTAL DA GLEBA/M²": 432552.6,
        "DATA DO CERTIFICADO": "2021-09-21",
        "EXPEDIENTE DISPENSA": "303/2021-D",
        "LOCALIZAÇÃO/ENDEREÇO": "AV. DUQUE DE CAXIAS X RUA ALFREDO BENEDITO X RUA JOSÉ MAFASSOLI X RUA JOAO FRANCISCO LEAL, SÍTIO DO MOINHO, BAIRRO DE IVOTURUCAIA",
        "MUNICIPIO": "VARZEA PAULISTA",
        "Nº DE UNIDADES HABITACIONAIS": 10,
        "PROPRIETARIO": "ELEKEIROZ S/A",
        "SITUAÇÃO": "DISPENSADO",
        "TIPOLOGIA DA CONSTRUÇÃO": "HORIZONTAL"
      },
      "geometry": {
        "type": "MultiPolygon",
        "coordinates": [
          [
            [
              [
                -46.82562244871003,
                -23.21060503524945
              ],
              [
                -46.82551011318527,
                -23.21076230498411
              ],
              [
                -46.82536033248558,
                -23.210788516606563
              ],
              [
                -46.825072004638685,
                -23.210994465068623
              ],
              [
                -46.82483610003668,
                -23.211185435460717
              ],
              [
                -46.824364290832676,
                -23.21160482141983
              ],
              [
                -46.823922437768616,
                -23.212129053868722
              ],
              [
                -46.8233682491798,
                -23.212570906932804
              ],
              [
                -46.82291141804576,
                -23.21288544640212
              ],
              [
                -46.82124885227929,
                -23.213754174460295
              ],
              [
                -46.8197810014224,
                -23.2146977928683
              ],
              [
                -46.818417997055285,
                -23.2156414112763
              ],
              [
                -46.81823826021566,
                -23.21591101653572
              ],
              [
                -46.81689023391851,
                -23.21528193759705
              ],
              [
                -46.817294641807656,
                -23.214637880588423
              ],
              [
                -46.81695014619839,
                -23.214488099888737
              ],
              [
                -46.81738451022747,
                -23.21370924025037
              ],
              [
                -46.81738451022747,
                -23.213349766571135
              ],
              [
                -46.817294641807656,
                -23.21158235431489
              ],
              [
                -46.81705499268816,
                -23.211162968355772
              ],
              [
                -46.81684529970861,
                -23.210938297306242
              ],
              [
                -46.81609639621019,
                -23.2107735385366
              ],
              [
                -46.814658501493234,
                -23.210552612004566
              ],
              [
                -46.815032953242444,
                -23.208732776503414
              ],
              [
                -46.81550476244646,
                -23.208538061593828
              ],
              [
                -46.815590886348765,
                -23.208436959621547
              ],
              [
                -46.815639565076154,
                -23.207253692094042
              ],
              [
                -46.816429658267005,
                -23.207190035296687
              ],
              [
                -46.81702878106572,
                -23.20724245854158
              ],
              [
                -46.81782261877404,
                -23.20740721731124
              ],
              [
                -46.818863594636845,
                -23.207826603270345
              ],
              [
                -46.819342892875824,
                -23.208096208529774
              ],
              [
                -46.82004686216434,
                -23.208508105453895
              ],
              [
                -46.82060853978815,
                -23.20883762299319
              ],
              [
                -46.821170217411954,
                -23.209182118602463
              ],
              [
                -46.82194158801533,
                -23.209594015526605
              ],
              [
                -46.82310987747285,
                -23.209953489205827
              ],
              [
                -46.82339446080225,
                -23.210140715080446
              ],
              [
                -46.82385878097127,
                -23.21013322604546
              ],
              [
                -46.82562244871003,
                -23.21060503524945
              ]
            ]
          ]
        ]
      }
    },
    {
      "type": "Feature",
      "properties": {
        "ANO ENTRADA": 2021,
        "ÁREA TOTAL DA GLEBA/M²": 32878.91,
        "DATA DO CERTIFICADO": "2021-10-05",
        "EXPEDIENTE DISPENSA": "540/2021-D",
        "LOCALIZAÇÃO/ENDEREÇO": "AV. DO CURSINO, S/N.° X RUA PROFESSOR ARTHUR PRIMAVESI X RUA ERCÍLIO CONTRUCCI X RUA DOUTOR EUGÊNIO MAIA DE ANDRADE, QUADRA 25, JARDIM IMPERADOR, SAÚDE",
        "MUNICIPIO": "SAO PAULO",
        "Nº DE UNIDADES HABITACIONAIS": 4,
        "PROPRIETARIO": "FERNANDA FERRAZ DAL LAGO",
        "SITUAÇÃO": "DISPENSADO",
        "TIPOLOGIA DA CONSTRUÇÃO": "HORIZONTAL"
      },
      "geometry": {
        "type": "MultiPolygon",
        "coordinates": [
          [
            [
              [
                -46.61304707941807,
                -23.647046084847123
              ],
              [
                -46.61317130870987,
                -23.64675441607504
              ],
              [
                -46.613241525266105,
                -23.64651946067534
              ],
              [
                -46.613252327813214,
                -23.646119766432136
              ],
              [
                -46.61239352531771,
                -23.644909881155442
              ],
              [
                -46.61236651894991,
                -23.644936887523215
              ],
              [
                -46.612290901120126,
                -23.64479645441075
              ],
              [
                -46.61215586928121,
                -23.64479645441076
              ],
              [
                -46.612047843810075,
                -23.644677626392493
              ],
              [
                -46.612177474375436,
                -23.644612811109813
              ],
              [
                -46.61197762725383,
                -23.64435354997911
              ],
              [
                -46.61179938522647,
                -23.644823460778532
              ],
              [
                -46.61043286301663,
                -23.644159104131063
              ],
              [
                -46.61084335980695,
                -23.643564964039843
              ],
              [
                -46.61250155078884,
                -23.644191511772405
              ],
              [
                -46.61273380555179,
                -23.644774849316526
              ],
              [
                -46.612949856494055,
                -23.64469383021317
              ],
              [
                -46.613268531633885,
                -23.645374390681326
              ],
              [
                -46.61350078639683,
                -23.645822696386528
              ],
              [
                -46.613554799132395,
                -23.646146772799923
              ],
              [
                -46.613673627150646,
                -23.6465626708638
              ],
              [
                -46.61365202205642,
                -23.646956963833418
              ],
              [
                -46.61363581823575,
                -23.6472594351526
              ],
              [
                -46.61304707941807,
                -23.647046084847123
              ]
            ]
          ]
        ]
      }
    },
    {
      "type": "Feature",
      "properties": {
        "ANO ENTRADA": 2021,
        "ÁREA TOTAL DA GLEBA/M²": 20369.04,
        "DATA DO CERTIFICADO": "2021-10-19",
        "EXPEDIENTE DISPENSA": "594/2021-D",
        "LOCALIZAÇÃO/ENDEREÇO": "AVENIDA PRESIDENTE WILSON, N.° 82 E 84, MOOCA",
        "MUNICIPIO": "SAO PAULO",
        "Nº DE UNIDADES HABITACIONAIS": 3,
        "PROPRIETARIO": "CCISA66 INCORPORADORA LTDA",
        "SITUAÇÃO": "DISPENSADO",
        "TIPOLOGIA DA CONSTRUÇÃO": "HORIZONTAL"
      },
      "geometry": {
        "type": "MultiPolygon",
        "coordinates": [
          [
            [
              [
                -46.61264884861602,
                -23.554553808050333
              ],
              [
                -46.61272273785247,
                -23.555695732613863
              ],
              [
                -46.61162111650884,
                -23.55580992507021
              ],
              [
                -46.61088894134754,
                -23.555521085327676
              ],
              [
                -46.6113020493514,
                -23.554661283303375
              ],
              [
                -46.61264884861602,
                -23.554553808050333
              ]
            ]
          ]
        ]
      }
    },
    {
      "type": "Feature",
      "properties": {
        "ANO ENTRADA": 2021,
        "ÁREA TOTAL DA GLEBA/M²": 15475.38,
        "DATA DO CERTIFICADO": "2021-10-19",
        "EXPEDIENTE DISPENSA": "501/2021-D",
        "LOCALIZAÇÃO/ENDEREÇO": "RUA NAÇÕES UNIDAS ESQUINA COM A AVENIDA IRRADIAÇAO",
        "MUNICIPIO": "DRACENA",
        "Nº DE UNIDADES HABITACIONAIS": 5,
        "PROPRIETARIO": "EDSON ANTONINI E ANIDERCE BARBOSA SILVA ANTONINI",
        "SITUAÇÃO": "DISPENSADO",
        "TIPOLOGIA DA CONSTRUÇÃO": "HORIZONTAL"
      },
      "geometry": {
        "type": "MultiPolygon",
        "coordinates": [
          [
            [
              [
                -51.535041047056254,
                -21.49923863166259
              ],
              [
                -51.534792930358805,
                -21.499325535480477
              ],
              [
                -51.53472995657772,
                -21.49914165203973
              ],
              [
                -51.53522618997261,
                -21.49893383856218
              ],
              [
                -51.535411332888984,
                -21.498885978488552
              ],
              [
                -51.5361922077743,
                -21.50152709886691
              ],
              [
                -51.53607633601712,
                -21.501587553696744
              ],
              [
                -51.53546171191382,
                -21.50088728525117
              ],
              [
                -51.535041047056254,
                -21.49923863166259
              ]
            ]
          ]
        ]
      }
    },
    {
      "type": "Feature",
      "properties": {
        "ANO ENTRADA": 2021,
        "ÁREA TOTAL DA GLEBA/M²": 3929,
        "DATA DO CERTIFICADO": "2021-10-19",
        "EXPEDIENTE DISPENSA": "600/2021-D",
        "LOCALIZAÇÃO/ENDEREÇO": "RUA SUELI MARTINS ALBERTO PERREIRA",
        "MUNICIPIO": "SAO JOAO DE IRACEMA",
        "Nº DE UNIDADES HABITACIONAIS": 14,
        "PROPRIETARIO": "PEDRO DA SILVEIRA COQUEIRO E TAIS NEIVA DA FONSECA COQUEIRO",
        "SITUAÇÃO": "DISPENSADO",
        "TIPOLOGIA DA CONSTRUÇÃO": "HORIZONTAL"
      },
      "geometry": {
        "type": "MultiPolygon",
        "coordinates": [
          [
            [
              [
                -50.35698044865368,
                -20.51152006499051
              ],
              [
                -50.357267609095395,
                -20.511812263334694
              ],
              [
                -50.356783970456725,
                -20.513086852663683
              ],
              [
                -50.35639101406281,
                -20.512870222856776
              ],
              [
                -50.35698044865368,
                -20.51152006499051
              ]
            ]
          ]
        ]
      }
    },
    {
      "type": "Feature",
      "properties": {
        "ANO ENTRADA": 2021,
        "ÁREA TOTAL DA GLEBA/M²": 20611.49,
        "DATA DO CERTIFICADO": "2021-11-23",
        "EXPEDIENTE DISPENSA": "675/2021-D",
        "LOCALIZAÇÃO/ENDEREÇO": "AV. MIGUEL YUNES, S/N.°, JARDIM SABARÁ",
        "MUNICIPIO": "SAO PAULO",
        "Nº DE UNIDADES HABITACIONAIS": 3,
        "PROPRIETARIO": "CCISA 48 INCORPORADORA LTDA",
        "SITUAÇÃO": "DISPENSADO",
        "TIPOLOGIA DA CONSTRUÇÃO": "HORIZONTAL"
      },
      "geometry": {
        "type": "MultiPolygon",
        "coordinates": [
          [
            [
              [
                -46.68844962094221,
                -23.691178545147647
              ],
              [
                -46.68694319430506,
                -23.69035325083546
              ],
              [
                -46.68607028685947,
                -23.691450998077638
              ],
              [
                -46.68712835649049,
                -23.692085839856237
              ],
              [
                -46.68741403529084,
                -23.691866290407802
              ],
              [
                -46.68754100364657,
                -23.691760483444707
              ],
              [
                -46.68771823030976,
                -23.691614998870442
              ],
              [
                -46.687927199061896,
                -23.691482740166563
              ],
              [
                -46.68808326433246,
                -23.691363707333068
              ],
              [
                -46.68844962094221,
                -23.691178545147647
              ]
            ]
          ]
        ]
      }
    },
    {
      "type": "Feature",
      "properties": {
        "ANO ENTRADA": 2021,
        "ÁREA TOTAL DA GLEBA/M²": 5571.44,
        "DATA DO CERTIFICADO": "2022-01-27",
        "EXPEDIENTE DISPENSA": "746/2021-D",
        "LOCALIZAÇÃO/ENDEREÇO": "RUA JOSÉ ANDRÉ X RUA ORLANDO MORALES",
        "MUNICIPIO": "NEVES PAULISTA",
        "Nº DE UNIDADES HABITACIONAIS": 7,
        "PROPRIETARIO": "RODRIGO GUBOLIN ROCHA E OUTROS",
        "SITUAÇÃO": "DISPENSADO",
        "TIPOLOGIA DA CONSTRUÇÃO": "HORIZONTAL"
      },
      "geometry": {
        "type": "MultiPolygon",
        "coordinates": [
          [
            [
              [
                -49.634428512248874,
                -20.836604099214917
              ],
              [
                -49.63466514778443,
                -20.83780620773556
              ],
              [
                -49.63423920382043,
                -20.837878775966463
              ],
              [
                -49.634087757077666,
                -20.837209886185956
              ],
              [
                -49.634090912218134,
                -20.837165714219307
              ],
              [
                -49.634109843060976,
                -20.83710261140983
              ],
              [
                -49.63413823932526,
                -20.83704266374082
              ],
              [
                -49.63414139446572,
                -20.836992181493237
              ],
              [
                -49.634119308482404,
                -20.83692907868375
              ],
              [
                -49.6340593608134,
                -20.836878596436172
              ],
              [
                -49.634021499127705,
                -20.836834424469526
              ],
              [
                -49.63400887856581,
                -20.836802873064784
              ],
              [
                -49.63399941314439,
                -20.83675239081721
              ],
              [
                -49.634005723425325,
                -20.83672083941245
              ],
              [
                -49.63405620567292,
                -20.83667351230534
              ],
              [
                -49.634428512248874,
                -20.836604099214917
              ]
            ]
          ]
        ]
      }
    },
    {
      "type": "Feature",
      "properties": {
        "ANO ENTRADA": 2021,
        "ÁREA TOTAL DA GLEBA/M²": 18647.93,
        "DATA DO CERTIFICADO": "2022-01-27",
        "EXPEDIENTE DISPENSA": "779/2021-D",
        "LOCALIZAÇÃO/ENDEREÇO": "RUA FUAD SALIM MARINA E AV. ANTÔNIO CANHEO",
        "MUNICIPIO": "MONTE APRAZIVEL",
        "Nº DE UNIDADES HABITACIONAIS": 15,
        "PROPRIETARIO": "PAV - EMPREENDIMENTOS E PARTICIPAÇÕES LTDA",
        "SITUAÇÃO": "DISPENSADO",
        "TIPOLOGIA DA CONSTRUÇÃO": "HORIZONTAL"
      },
      "geometry": {
        "type": "MultiPolygon",
        "coordinates": [
          [
            [
              [
                -49.70334466806722,
                -20.76896636687845
              ],
              [
                -49.70188935952353,
                -20.768987664076647
              ],
              [
                -49.70194615205205,
                -20.769434905238867
              ],
              [
                -49.70195325111812,
                -20.76965497628694
              ],
              [
                -49.70205263804306,
                -20.769875047335002
              ],
              [
                -49.702194619364384,
                -20.76999573145815
              ],
              [
                -49.70243598761067,
                -20.77017320810981
              ],
              [
                -49.702599266130214,
                -20.77025839690261
              ],
              [
                -49.70344405499216,
                -20.77079082685763
              ],
              [
                -49.70334466806722,
                -20.76896636687845
              ]
            ]
          ]
        ]
      }
    },
    {
      "type": "Feature",
      "properties": {
        "ANO ENTRADA": 2021,
        "ÁREA TOTAL DA GLEBA/M²": 70436,
        "DATA DO CERTIFICADO": "2022-02-01",
        "EXPEDIENTE DISPENSA": "702/2021-D",
        "LOCALIZAÇÃO/ENDEREÇO": "RUA ERDIA OLYMPIA CELESTE MAGALHAES, QUADRA \"H\", LOTEAMENTO JARDIM DAS PAINEIRAS",
        "MUNICIPIO": "SAO JOAO DA BOA VISTA",
        "Nº DE UNIDADES HABITACIONAIS": 18,
        "PROPRIETARIO": "SEQUOIA EMPREENDIMENTOS IMOBILIÁRIOS S/S LTDA",
        "SITUAÇÃO": "DISPENSADO",
        "TIPOLOGIA DA CONSTRUÇÃO": "HORIZONTAL"
      },
      "geometry": {
        "type": "MultiPolygon",
        "coordinates": [
          [
            [
              [
                -46.72108380590531,
                -21.959639475278454
              ],
              [
                -46.7229082658845,
                -21.960583651065335
              ],
              [
                -46.723064445337975,
                -21.960335183753006
              ],
              [
                -46.72322772385751,
                -21.960065419242458
              ],
              [
                -46.72362527155725,
                -21.95920643224838
              ],
              [
                -46.723731757548265,
                -21.95897216306817
              ],
              [
                -46.723866639803525,
                -21.958823082680762
              ],
              [
                -46.7240654136534,
                -21.958766290152226
              ],
              [
                -46.723192228527175,
                -21.95672885819104
              ],
              [
                -46.7230786434701,
                -21.95675015538924
              ],
              [
                -46.72300055374337,
                -21.956750155389226
              ],
              [
                -46.722894067752364,
                -21.956714660058903
              ],
              [
                -46.722815978025636,
                -21.956664966596428
              ],
              [
                -46.72274498736496,
                -21.956664966596442
              ],
              [
                -46.722709492034625,
                -21.956707560992847
              ],
              [
                -46.72108380590531,
                -21.959639475278454
              ]
            ]
          ]
        ]
      }
    },
    {
      "type": "Feature",
      "properties": {
        "ANO ENTRADA": 2021,
        "ÁREA TOTAL DA GLEBA/M²": 47565,
        "DATA DO CERTIFICADO": "2022-02-01",
        "EXPEDIENTE DISPENSA": "770/2021-D",
        "LOCALIZAÇÃO/ENDEREÇO": "CHÁCARA SÃO PEDRO, S/N°",
        "MUNICIPIO": "SALES",
        "Nº DE UNIDADES HABITACIONAIS": 8,
        "PROPRIETARIO": "PEDRO LOURENÇO MACHADO E LUZIA PETENÓ MACHADO",
        "SITUAÇÃO": "DISPENSADO",
        "TIPOLOGIA DA CONSTRUÇÃO": "HORIZONTAL"
      },
      "geometry": {
        "type": "MultiPolygon",
        "coordinates": [
          [
            [
              [
                -49.50686381653465,
                -21.34591456519879
              ],
              [
                -49.50803516243569,
                -21.345843574538133
              ],
              [
                -49.50738914742359,
                -21.34335180234866
              ],
              [
                -49.50567117343541,
                -21.343181424763056
              ],
              [
                -49.506388179108164,
                -21.345531215631176
              ],
              [
                -49.50672893427938,
                -21.34539633337592
              ],
              [
                -49.50686381653465,
                -21.34591456519879
              ]
            ]
          ]
        ]
      }
    },
    {
      "type": "Feature",
      "properties": {
        "ANO ENTRADA": 2022,
        "ÁREA TOTAL DA GLEBA/M²": 8397.4,
        "DATA DO CERTIFICADO": "2022-03-22",
        "EXPEDIENTE DISPENSA": "164/2022-D",
        "LOCALIZAÇÃO/ENDEREÇO": "RUA JOSÉ LUCENA FILHO, RUA ELZA GOMES HÉRCULES E RUA DR. DIOMAR CHIMELLO, LOTEAMENTO HORIZON CATANDUVA",
        "MUNICIPIO": "CATANDUVA",
        "Nº DE UNIDADES HABITACIONAIS": 27,
        "PROPRIETARIO": "TERRA VIIV EMPREENDIMENTOS IMOBILIÁRIOS SPE LTDA",
        "SITUAÇÃO": "DISPENSADO",
        "TIPOLOGIA DA CONSTRUÇÃO": "HORIZONTAL"
      },
      "geometry": {
        "type": "MultiPolygon",
        "coordinates": [
          [
            [
              [
                -49.00793080475622,
                -21.138409307755968
              ],
              [
                -49.007542130889064,
                -21.137840938778997
              ],
              [
                -49.008516477706735,
                -21.13732048849795
              ],
              [
                -49.00855907210315,
                -21.13730651221163
              ],
              [
                -49.008585693600885,
                -21.137304515599304
              ],
              [
                -49.00860898741143,
                -21.13730784328651
              ],
              [
                -49.00863228122195,
                -21.137317826348184
              ],
              [
                -49.00887387131405,
                -21.1375827102508
              ],
              [
                -49.00889649958714,
                -21.13760666959877
              ],
              [
                -49.00890182388669,
                -21.13762264249741
              ],
              [
                -49.00890282219285,
                -21.137646269076676
              ],
              [
                -49.00889882896819,
                -21.137663573050215
              ],
              [
                -49.008893504668634,
                -21.13769418777263
              ],
              [
                -49.00793080475622,
                -21.138409307755968
              ]
            ]
          ]
        ]
      }
    },
    {
      "type": "Feature",
      "properties": {
        "ANO ENTRADA": 2022,
        "ÁREA TOTAL DA GLEBA/M²": 28973.11,
        "DATA DO CERTIFICADO": "2023-01-10",
        "EXPEDIENTE DISPENSA": "859/2022-D",
        "LOCALIZAÇÃO/ENDEREÇO": "AVENIDA GUIDO CALOI, S/N, SANTO AMARO",
        "MUNICIPIO": "SAO PAULO",
        "Nº DE UNIDADES HABITACIONAIS": 2,
        "PROPRIETARIO": "VR ALUGUÉIS E SERVICOS S/A",
        "SITUAÇÃO": "DISPENSADO",
        "TIPOLOGIA DA CONSTRUÇÃO": null
      },
      "geometry": {
        "type": "MultiPolygon",
        "coordinates": [
          [
            [
              [
                -46.726057048488364,
                -23.663608668304907
              ],
              [
                -46.725587493588016,
                -23.661678516357423
              ],
              [
                -46.723969087397926,
                -23.66353547409694
              ],
              [
                -46.724107771160384,
                -23.664020867265577
              ],
              [
                -46.726057048488364,
                -23.663608668304907
              ]
            ]
          ]
        ]
      }
    },
    {
      "type": "Feature",
      "properties": {
        "ANO ENTRADA": 2022,
        "ÁREA TOTAL DA GLEBA/M²": 45620.8,
        "DATA DO CERTIFICADO": "2022-04-19",
        "EXPEDIENTE DISPENSA": "219/2022-D",
        "LOCALIZAÇÃO/ENDEREÇO": "RUA TENENTE ANTERO CONTRERA, S/N.°",
        "MUNICIPIO": "DRACENA",
        "Nº DE UNIDADES HABITACIONAIS": 20,
        "PROPRIETARIO": "LRG CONSTRUÇÕES E EMPREENDIMENTOS EIRELI",
        "SITUAÇÃO": "DISPENSADO",
        "TIPOLOGIA DA CONSTRUÇÃO": "HORIZONTAL"
      },
      "geometry": {
        "type": "MultiPolygon",
        "coordinates": [
          [
            [
              [
                -51.533890783695895,
                -21.499312781161304
              ],
              [
                -51.53146851161553,
                -21.500152728229878
              ],
              [
                -51.53168137950414,
                -21.498637995786968
              ],
              [
                -51.53187341304965,
                -21.498357271729457
              ],
              [
                -51.532170755909306,
                -21.49817818167971
              ],
              [
                -51.53281612505972,
                -21.49798754742182
              ],
              [
                -51.534145898784416,
                -21.497406687025958
              ],
              [
                -51.534195461172494,
                -21.49764093772422
              ],
              [
                -51.53397029800013,
                -21.497771056444776
              ],
              [
                -51.53397029800013,
                -21.497771056444776
              ],
              [
                -51.53397029800013,
                -21.497771056444776
              ],
              [
                -51.533890783695895,
                -21.499312781161304
              ]
            ]
          ]
        ]
      }
    },
    {
      "type": "Feature",
      "properties": {
        "ANO ENTRADA": 2021,
        "ÁREA TOTAL DA GLEBA/M²": 6182.05,
        "DATA DO CERTIFICADO": "2022-03-22",
        "EXPEDIENTE DISPENSA": "778/2021-D",
        "LOCALIZAÇÃO/ENDEREÇO": "RUA ROBERTO LUIZ DA SILVA PRADO",
        "MUNICIPIO": "PRADOPOLIS",
        "Nº DE UNIDADES HABITACIONAIS": 24,
        "PROPRIETARIO": "LOTEAMENTO PARQUE DOS PÁSSAROS 2 SPE EIRELI",
        "SITUAÇÃO": "DISPENSADO",
        "TIPOLOGIA DA CONSTRUÇÃO": "HORIZONTAL"
      },
      "geometry": {
        "type": "MultiPolygon",
        "coordinates": [
          [
            [
              [
                -48.07671742003356,
                -21.350264375831202
              ],
              [
                -48.0769111940587,
                -21.35058007336229
              ],
              [
                -48.076970046854946,
                -21.350614232638826
              ],
              [
                -48.076970046854946,
                -21.350614232638826
              ],
              [
                -48.077346130319555,
                -21.350462961091047
              ],
              [
                -48.07737003318144,
                -21.350403626153465
              ],
              [
                -48.07737003318144,
                -21.350403626153465
              ],
              [
                -48.07737003318144,
                -21.350403626153465
              ],
              [
                -48.07737003318144,
                -21.350403626153465
              ],
              [
                -48.077376267273635,
                -21.350355705710115
              ],
              [
                -48.0773544154767,
                -21.350310810814992
              ],
              [
                -48.07648371033376,
                -21.348751817734943
              ],
              [
                -48.07642040075296,
                -21.34872151357403
              ],
              [
                -48.07635214912031,
                -21.348707082282754
              ],
              [
                -48.07647728148011,
                -21.349124671247843
              ],
              [
                -48.076933951151865,
                -21.350175700072462
              ],
              [
                -48.07671742003356,
                -21.350264375831202
              ]
            ]
          ]
        ]
      }
    },
    {
      "type": "Feature",
      "properties": {
        "ANO ENTRADA": 2023,
        "ÁREA TOTAL DA GLEBA/M²": 13500.52,
        "DATA DO CERTIFICADO": "2023-02-28",
        "EXPEDIENTE DISPENSA": "83/2023-D",
        "LOCALIZAÇÃO/ENDEREÇO": "RUA PROFESSORA DANUZIA D' SANTI, GLEBA A, VILA IPIRANGA",
        "MUNICIPIO": "AVARE",
        "Nº DE UNIDADES HABITACIONAIS": 21,
        "PROPRIETARIO": "CARLOS AUGUSTO MARTINS RODRIGUES E OUTROS",
        "SITUAÇÃO": "DISPENSADO",
        "TIPOLOGIA DA CONSTRUÇÃO": null
      },
      "geometry": {
        "type": "MultiPolygon",
        "coordinates": [
          [
            [
              [
                -48.910944549090125,
                -23.097950801884913
              ],
              [
                -48.908929132712124,
                -23.097604196086305
              ],
              [
                -48.90892200279197,
                -23.097792913624414
              ],
              [
                -48.90953304128968,
                -23.097892620746855
              ],
              [
                -48.90947043549541,
                -23.098630383168242
              ],
              [
                -48.91083067056872,
                -23.09857483074019
              ],
              [
                -48.910944549090125,
                -23.097950801884913
              ]
            ]
          ]
        ]
      }
    },
    {
      "type": "Feature",
      "properties": {
        "ANO ENTRADA": 2023,
        "ÁREA TOTAL DA GLEBA/M²": 7735.763,
        "DATA DO CERTIFICADO": "2023-03-07",
        "EXPEDIENTE DISPENSA": "90/2023-D",
        "LOCALIZAÇÃO/ENDEREÇO": "AV. WASHINGTON LUIZ, BAIRRO ESTAÇÃO",
        "MUNICIPIO": "MIRACATU",
        "Nº DE UNIDADES HABITACIONAIS": 10,
        "PROPRIETARIO": "ROBERTA RIVERA DANTAS",
        "SITUAÇÃO": "DISPENSADO",
        "TIPOLOGIA DA CONSTRUÇÃO": null
      },
      "geometry": {
        "type": "MultiPolygon",
        "coordinates": [
          [
            [
              [
                -47.4632008999977,
                -24.286827045383745
              ],
              [
                -47.46320978378698,
                -24.286506734798227
              ],
              [
                -47.463401120569806,
                -24.286499248383457
              ],
              [
                -47.4639678299621,
                -24.286661761390786
              ],
              [
                -47.46389221329564,
                -24.286960609562414
              ],
              [
                -47.46359494249745,
                -24.286872061100656
              ],
              [
                -47.46343949223817,
                -24.286838577236203
              ],
              [
                -47.4632008999977,
                -24.286827045383745
              ]
            ]
          ]
        ]
      }
    },
    {
      "type": "Feature",
      "properties": {
        "ANO ENTRADA": 2023,
        "ÁREA TOTAL DA GLEBA/M²": 5587.22,
        "DATA DO CERTIFICADO": "2023-03-30",
        "EXPEDIENTE DISPENSA": "100/2023-D",
        "LOCALIZAÇÃO/ENDEREÇO": "RUA CORONEL JAIME ROLEMBERG DE LIMA, JARDIM SÃO JOSÉ",
        "MUNICIPIO": "CACAPAVA",
        "Nº DE UNIDADES HABITACIONAIS": 36,
        "PROPRIETARIO": "PCP EMPREENDIMENTOS IMOBILIÁRIOS LTDA",
        "SITUAÇÃO": "DISPENSADO",
        "TIPOLOGIA DA CONSTRUÇÃO": null
      },
      "geometry": {
        "type": "MultiPolygon",
        "coordinates": [
          [
            [
              [
                -45.70483540733151,
                -23.08703185456407
              ],
              [
                -45.7039472935409,
                -23.086908337041155
              ],
              [
                -45.70390290983012,
                -23.08690637421478
              ],
              [
                -45.70386791269311,
                -23.086913012166388
              ],
              [
                -45.70384233587554,
                -23.08693473272079
              ],
              [
                -45.703821429836715,
                -23.086956432455374
              ],
              [
                -45.70380998911404,
                -23.087001857224244
              ],
              [
                -45.70378958928618,
                -23.08712078423167
              ],
              [
                -45.70376020780342,
                -23.08730889226008
              ],
              [
                -45.70376037654065,
                -23.087341301351547
              ],
              [
                -45.70377918348607,
                -23.087364984759652
              ],
              [
                -45.70381200284393,
                -23.087388605717983
              ],
              [
                -45.703912515097,
                -23.08740544299042
              ],
              [
                -45.70476328822517,
                -23.087533448590854
              ],
              [
                -45.70480760455165,
                -23.087522447536546
              ],
              [
                -45.70484015372573,
                -23.087494213742254
              ],
              [
                -45.70486332747855,
                -23.087459539819406
              ],
              [
                -45.70488371513305,
                -23.087338452094823
              ],
              [
                -45.70490635927971,
                -23.0872022297034
              ],
              [
                -45.70491532904009,
                -23.08713088802183
              ],
              [
                -45.704908029900494,
                -23.08707474354803
              ],
              [
                -45.70489388232506,
                -23.08704887882411
              ],
              [
                -45.70483540733151,
                -23.08703185456407
              ]
            ]
          ]
        ]
      }
    },
    {
      "type": "Feature",
      "properties": {
        "ANO ENTRADA": 2024,
        "ÁREA TOTAL DA GLEBA/M²": 65834.66,
        "DATA DO CERTIFICADO": "2024-02-06",
        "EXPEDIENTE DISPENSA": "44/2024-D",
        "LOCALIZAÇÃO/ENDEREÇO": "RUA ANTÔNIO MARCONDES, N.° 1.191",
        "MUNICIPIO": "NOVAIS",
        "Nº DE UNIDADES HABITACIONAIS": 39,
        "PROPRIETARIO": "EMPREENDIMENTO IMOBILIÁRIO RESIDENCIAL RM SPE LTDA",
        "SITUAÇÃO": "DISPENSADO",
        "TIPOLOGIA DA CONSTRUÇÃO": null
      },
      "geometry": {
        "type": "MultiPolygon",
        "coordinates": [
          [
            [
              [
                -48.91643658975686,
                -20.998070217036773
              ],
              [
                -48.91746252379964,
                -20.997953789126452
              ],
              [
                -48.917434677700435,
                -20.997279309603673
              ],
              [
                -48.91782925565224,
                -20.997254218616263
              ],
              [
                -48.918146954733956,
                -21.000936063499257
              ],
              [
                -48.917667320455,
                -21.000966316540048
              ],
              [
                -48.9177636752236,
                -21.00204556893207
              ],
              [
                -48.91686209998937,
                -21.002488698249568
              ],
              [
                -48.91680204354665,
                -20.99927765596486
              ],
              [
                -48.91621783532955,
                -20.999217524457904
              ],
              [
                -48.91643658975686,
                -20.998070217036787
              ],
              [
                -48.91643658975686,
                -20.998070217036773
              ]
            ]
          ]
        ]
      }
    },
    {
      "type": "Feature",
      "properties": {
        "ANO ENTRADA": 2023,
        "ÁREA TOTAL DA GLEBA/M²": 8542.84,
        "DATA DO CERTIFICADO": "2023-03-28",
        "EXPEDIENTE DISPENSA": "38/2023-D",
        "LOCALIZAÇÃO/ENDEREÇO": "RUA SANTOS DUMONT, RUA SANTO ANTÔNIO, CENTRO",
        "MUNICIPIO": "AVANHANDAVA",
        "Nº DE UNIDADES HABITACIONAIS": 19,
        "PROPRIETARIO": "CERÂMICA GUARANY LTDA",
        "SITUAÇÃO": "DISPENSADO",
        "TIPOLOGIA DA CONSTRUÇÃO": null
      },
      "geometry": {
        "type": "MultiPolygon",
        "coordinates": [
          [
            [
              [
                -49.953167908956395,
                -21.459512353912242
              ],
              [
                -49.953366231025036,
                -21.459686593541726
              ],
              [
                -49.9540371062029,
                -21.45908404882311
              ],
              [
                -49.95406554903756,
                -21.459012043550967
              ],
              [
                -49.954059222302824,
                -21.458965532016652
              ],
              [
                -49.953995864510205,
                -21.458918489714563
              ],
              [
                -49.95349069949946,
                -21.458522085780725
              ],
              [
                -49.95276859210128,
                -21.459155057900478
              ],
              [
                -49.953167908956395,
                -21.459512353912242
              ]
            ]
          ]
        ]
      }
    },
    {
      "type": "Feature",
      "properties": {
        "ANO ENTRADA": 2023,
        "ÁREA TOTAL DA GLEBA/M²": 8293.66,
        "DATA DO CERTIFICADO": "2023-09-19",
        "EXPEDIENTE DISPENSA": "469/2023-D",
        "LOCALIZAÇÃO/ENDEREÇO": "AVENIDA JOSÉ DIAS DA SILVA E AVENIDA ANIBAL CORREIA, ÁREA REMANESCENTE 02, BAIRRO VOTUPOCA",
        "MUNICIPIO": "BARUERI",
        "Nº DE UNIDADES HABITACIONAIS": 20,
        "PROPRIETARIO": "ZITUNE EMPREENDIMENTOS IMOBILIÁRIOS LTDA E OUTRO",
        "SITUAÇÃO": "DISPENSADO",
        "TIPOLOGIA DA CONSTRUÇÃO": null
      },
      "geometry": {
        "type": "MultiPolygon",
        "coordinates": [
          [
            [
              [
                -46.86470445981004,
                -23.536124092807515
              ],
              [
                -46.86441827234578,
                -23.536019826568776
              ],
              [
                -46.864109381335986,
                -23.535858618086667
              ],
              [
                -46.863630997309855,
                -23.53558501200369
              ],
              [
                -46.863240252707946,
                -23.535313720213445
              ],
              [
                -46.863059621545624,
                -23.53518799392707
              ],
              [
                -46.86290074600931,
                -23.535051910344105
              ],
              [
                -46.86280102239014,
                -23.534968966566396
              ],
              [
                -46.862741539031234,
                -23.534892271931117
              ],
              [
                -46.86296449501842,
                -23.53491316077677
              ],
              [
                -46.862977813492776,
                -23.534822132341507
              ],
              [
                -46.86314844278489,
                -23.534756144119285
              ],
              [
                -46.86371725792348,
                -23.535230599500782
              ],
              [
                -46.86406397091285,
                -23.535485590094993
              ],
              [
                -46.86437276609129,
                -23.5356400688419
              ],
              [
                -46.864684974323374,
                -23.535777678455062
              ],
              [
                -46.86480602787982,
                -23.53581997907113
              ],
              [
                -46.86470445981004,
                -23.536124092807515
              ]
            ]
          ]
        ]
      }
    },
    {
      "type": "Feature",
      "properties": {
        "ANO ENTRADA": 2023,
        "ÁREA TOTAL DA GLEBA/M²": 4544.25,
        "DATA DO CERTIFICADO": "2023-04-25",
        "EXPEDIENTE DISPENSA": "185/2023 D",
        "LOCALIZAÇÃO/ENDEREÇO": "RUA DONA PINA, PARTE 2",
        "MUNICIPIO": "PINDORAMA",
        "Nº DE UNIDADES HABITACIONAIS": 16,
        "PROPRIETARIO": "CÉLIA MARIA MARTINS RODRIGUES E OUTROS",
        "SITUAÇÃO": "DISPENSADO",
        "TIPOLOGIA DA CONSTRUÇÃO": null
      },
      "geometry": {
        "type": "MultiPolygon",
        "coordinates": [
          [
            [
              [
                -48.91117735397918,
                -21.18055304899704
              ],
              [
                -48.912638641958566,
                -21.181452025418047
              ],
              [
                -48.9127858421772,
                -21.18126937794799
              ],
              [
                -48.91133671936467,
                -21.180337532496107
              ],
              [
                -48.91117735397918,
                -21.18055304899704
              ]
            ]
          ]
        ]
      }
    },
    {
      "type": "Feature",
      "properties": {
        "ANO ENTRADA": 2023,
        "ÁREA TOTAL DA GLEBA/M²": 50192,
        "DATA DO CERTIFICADO": "2023-05-09",
        "EXPEDIENTE DISPENSA": "244/2023-D",
        "LOCALIZAÇÃO/ENDEREÇO": "RUA JULIO PAULO FILHO",
        "MUNICIPIO": "RANCHARIA",
        "Nº DE UNIDADES HABITACIONAIS": 18,
        "PROPRIETARIO": "LRG CONSTRUÇÕES E EMPREENDIMENTOS LTDA",
        "SITUAÇÃO": "DISPENSADO",
        "TIPOLOGIA DA CONSTRUÇÃO": null
      },
      "geometry": {
        "type": "MultiPolygon",
        "coordinates": [
          [
            [
              [
                -50.90022104315564,
                -22.234727646804888
              ],
              [
                -50.89888142238583,
                -22.23422117717818
              ],
              [
                -50.89817673205306,
                -22.235678756617872
              ],
              [
                -50.89740387649805,
                -22.237606386067565
              ],
              [
                -50.89886886627709,
                -22.237360189284537
              ],
              [
                -50.90022104315564,
                -22.234727646804888
              ]
            ]
          ]
        ]
      }
    },
    {
      "type": "Feature",
      "properties": {
        "ANO ENTRADA": 2023,
        "ÁREA TOTAL DA GLEBA/M²": 24572.67,
        "DATA DO CERTIFICADO": "2023-05-09",
        "EXPEDIENTE DISPENSA": "164/2023-D",
        "LOCALIZAÇÃO/ENDEREÇO": "RUA GENTIL MORÁBITO, COMPREENDIDA PELO LOTE N.° 06 DA QUADRA N.° 1.010, CHÁCARAS URBANAS",
        "MUNICIPIO": "TUPA",
        "Nº DE UNIDADES HABITACIONAIS": 18,
        "PROPRIETARIO": "ANGELO GARBIN",
        "SITUAÇÃO": "DISPENSADO",
        "TIPOLOGIA DA CONSTRUÇÃO": null
      },
      "geometry": {
        "type": "MultiPolygon",
        "coordinates": [
          [
            [
              [
                -50.49213936349196,
                -21.912342158323447
              ],
              [
                -50.49164205548873,
                -21.91207184671435
              ],
              [
                -50.49080125312422,
                -21.91611148728941
              ],
              [
                -50.49138032344226,
                -21.916194732921056
              ],
              [
                -50.49213936349196,
                -21.912342158323447
              ]
            ]
          ]
        ]
      }
    },
    {
      "type": "Feature",
      "properties": {
        "ANO ENTRADA": 2023,
        "ÁREA TOTAL DA GLEBA/M²": 7555.47,
        "DATA DO CERTIFICADO": "2023-05-09",
        "EXPEDIENTE DISPENSA": "221/2023-D",
        "LOCALIZAÇÃO/ENDEREÇO": "RUA DOUTOR OLIDAIR AMBRÓSIO (ENTRE RUA ANTÔNIO SOARES E RUA LUIZ IGNÁCIO MARQUES DE OLIVEIRA)",
        "MUNICIPIO": "SERTAOZINHO",
        "Nº DE UNIDADES HABITACIONAIS": 18,
        "PROPRIETARIO": "AUREA HOLDING E EMPREENDIMENTOS IMOBILIÁRIOS LTDA",
        "SITUAÇÃO": "DISPENSADO",
        "TIPOLOGIA DA CONSTRUÇÃO": null
      },
      "geometry": {
        "type": "MultiPolygon",
        "coordinates": [
          [
            [
              [
                -47.98319434885115,
                -21.121966087602342
              ],
              [
                -47.98277628480781,
                -21.121425830424485
              ],
              [
                -47.98273166753094,
                -21.12139984378578
              ],
              [
                -47.98268474934826,
                -21.121388500956943
              ],
              [
                -47.98264081370114,
                -21.121396576621603
              ],
              [
                -47.982584399690495,
                -21.121429210917483
              ],
              [
                -47.9824846828606,
                -21.1215015501361
              ],
              [
                -47.98209814697206,
                -21.121759048840104
              ],
              [
                -47.982041878723436,
                -21.12179898205854
              ],
              [
                -47.98200381047667,
                -21.121841028577744
              ],
              [
                -47.9820127092017,
                -21.121896851131517
              ],
              [
                -47.982063388849,
                -21.12196654105374
              ],
              [
                -47.982477544736106,
                -21.122441154133583
              ],
              [
                -47.9825039622035,
                -21.122465027554686
              ],
              [
                -47.982560912159535,
                -21.122459156499062
              ],
              [
                -47.98320540280737,
                -21.1219999671476
              ],
              [
                -47.98319434885115,
                -21.121966087602342
              ]
            ]
          ]
        ]
      }
    },
    {
      "type": "Feature",
      "properties": {
        "ANO ENTRADA": 2023,
        "ÁREA TOTAL DA GLEBA/M²": 3720.8,
        "DATA DO CERTIFICADO": "2023-05-16",
        "EXPEDIENTE DISPENSA": "261/2023-D",
        "LOCALIZAÇÃO/ENDEREÇO": "RUA CATHARINA SCHORWAGA LOUREIRO, VILA FORMOSA",
        "MUNICIPIO": "MIRACATU",
        "Nº DE UNIDADES HABITACIONAIS": 22,
        "PROPRIETARIO": "NS LOUREIRO INCORPORADORA EIRELI - ME",
        "SITUAÇÃO": "DISPENSADO",
        "TIPOLOGIA DA CONSTRUÇÃO": null
      },
      "geometry": {
        "type": "MultiPolygon",
        "coordinates": [
          [
            [
              [
                -47.46744453116916,
                -24.285791272703975
              ],
              [
                -47.46745512118847,
                -24.285987382657144
              ],
              [
                -47.46743651461595,
                -24.28625562542073
              ],
              [
                -47.46737269425033,
                -24.28699817191762
              ],
              [
                -47.46764604003037,
                -24.287071620714464
              ],
              [
                -47.4676902390354,
                -24.286896429754588
              ],
              [
                -47.46759133574525,
                -24.286879343131005
              ],
              [
                -47.467648228548775,
                -24.285778616681633
              ],
              [
                -47.46744453116916,
                -24.285791272703975
              ]
            ]
          ]
        ]
      }
    },
    {
      "type": "Feature",
      "properties": {
        "ANO ENTRADA": 2023,
        "ÁREA TOTAL DA GLEBA/M²": 7293.7,
        "DATA DO CERTIFICADO": "2023-05-30",
        "EXPEDIENTE DISPENSA": "257/2023-D",
        "LOCALIZAÇÃO/ENDEREÇO": "RUA JOSÉ MÁXIMO DE SOUZA, S/N°, BAIRRO CAPELINHA",
        "MUNICIPIO": "IPUA",
        "Nº DE UNIDADES HABITACIONAIS": 2,
        "PROPRIETARIO": "LUIZ SILVA E OUTRA",
        "SITUAÇÃO": "DISPENSADO",
        "TIPOLOGIA DA CONSTRUÇÃO": null
      },
      "geometry": {
        "type": "MultiPolygon",
        "coordinates": [
          [
            [
              [
                -47.99080325447769,
                -20.48984436449028
              ],
              [
                -47.99051197998962,
                -20.490003478288013
              ],
              [
                -47.9907586608517,
                -20.490355356851133
              ],
              [
                -47.99069426523626,
                -20.490407831400656
              ],
              [
                -47.99083643507583,
                -20.49061768925938
              ],
              [
                -47.99054939013957,
                -20.49080754926532
              ],
              [
                -47.99034789810817,
                -20.490537075539777
              ],
              [
                -47.9901865430464,
                -20.490649434082616
              ],
              [
                -47.99038090203457,
                -20.49092687956455
              ],
              [
                -47.99024451203522,
                -20.491014837756502
              ],
              [
                -47.99002022628664,
                -20.490693391526477
              ],
              [
                -47.98981580719702,
                -20.490833886305758
              ],
              [
                -47.9895617287361,
                -20.490475285048856
              ],
              [
                -47.99074703370359,
                -20.48975630097936
              ],
              [
                -47.99080325447769,
                -20.48984436449028
              ]
            ]
          ]
        ]
      }
    },
    {
      "type": "Feature",
      "properties": {
        "ANO ENTRADA": 2023,
        "ÁREA TOTAL DA GLEBA/M²": 33204.42,
        "DATA DO CERTIFICADO": "2023-06-06",
        "EXPEDIENTE DISPENSA": "253/2023-D",
        "LOCALIZAÇÃO/ENDEREÇO": "AVENIDA DO CAFÉ, S/N°",
        "MUNICIPIO": "RIBEIRAO PRETO",
        "Nº DE UNIDADES HABITACIONAIS": 3,
        "PROPRIETARIO": "MEIRELLES E VIANA EMPREENDIMENTOS IMOBILIÁRIOS LTDA",
        "SITUAÇÃO": "DISPENSADO",
        "TIPOLOGIA DA CONSTRUÇÃO": null
      },
      "geometry": {
        "type": "MultiPolygon",
        "coordinates": [
          [
            [
              [
                -47.83749798008422,
                -21.174608266442714
              ],
              [
                -47.83691278660736,
                -21.173200856002172
              ],
              [
                -47.837517081982845,
                -21.17286667683311
              ],
              [
                -47.83822222215966,
                -21.173610911991297
              ],
              [
                -47.83964962322906,
                -21.173619661763343
              ],
              [
                -47.8398854475607,
                -21.174273583065833
              ],
              [
                -47.8385156155305,
                -21.174538805838054
              ],
              [
                -47.83749798008422,
                -21.174608266442714
              ]
            ]
          ]
        ]
      }
    },
    {
      "type": "Feature",
      "properties": {
        "ANO ENTRADA": 2023,
        "ÁREA TOTAL DA GLEBA/M²": 34188.41,
        "DATA DO CERTIFICADO": "2023-06-06",
        "EXPEDIENTE DISPENSA": "260/2023-D",
        "LOCALIZAÇÃO/ENDEREÇO": "RUA SATURNINO ALVES, QUADRA 1-B, BAIRRO CENTRO",
        "MUNICIPIO": "MACEDONIA",
        "Nº DE UNIDADES HABITACIONAIS": 14,
        "PROPRIETARIO": "SEBASTIÃO ANTÔNIO VILLELA E MARIA ROSA DE ARAÚJO",
        "SITUAÇÃO": "DISPENSADO",
        "TIPOLOGIA DA CONSTRUÇÃO": null
      },
      "geometry": {
        "type": "MultiPolygon",
        "coordinates": [
          [
            [
              [
                -50.19669472292633,
                -20.150021878113836
              ],
              [
                -50.19677762066716,
                -20.149793376378362
              ],
              [
                -50.195187118348166,
                -20.14918298306999
              ],
              [
                -50.194556455801454,
                -20.150691850310913
              ],
              [
                -50.196155670097106,
                -20.151331208997604
              ],
              [
                -50.19669472292633,
                -20.150021878113836
              ]
            ]
          ]
        ]
      }
    },
    {
      "type": "Feature",
      "properties": {
        "ANO ENTRADA": 2023,
        "ÁREA TOTAL DA GLEBA/M²": 858,
        "DATA DO CERTIFICADO": "2023-06-20",
        "EXPEDIENTE DISPENSA": "280/2023-D",
        "LOCALIZAÇÃO/ENDEREÇO": "RUA EUGÊNIO PONCHIO",
        "MUNICIPIO": "MIRASSOLANDIA",
        "Nº DE UNIDADES HABITACIONAIS": 4,
        "PROPRIETARIO": "JOSÉ APARECIDO PIMENTA",
        "SITUAÇÃO": "DISPENSADO",
        "TIPOLOGIA DA CONSTRUÇÃO": null
      },
      "geometry": {
        "type": "MultiPolygon",
        "coordinates": [
          [
            [
              [
                -49.46585492758695,
                -20.61896531277812
              ],
              [
                -49.46551693965003,
                -20.618900653547204
              ],
              [
                -49.46547618887874,
                -20.619162444372233
              ],
              [
                -49.46580552593698,
                -20.619207076298906
              ],
              [
                -49.46585492758695,
                -20.61896531277812
              ]
            ]
          ]
        ]
      }
    },
    {
      "type": "Feature",
      "properties": {
        "ANO ENTRADA": 2023,
        "ÁREA TOTAL DA GLEBA/M²": 3767.14,
        "DATA DO CERTIFICADO": "2023-07-04",
        "EXPEDIENTE DISPENSA": "306/2023-D",
        "LOCALIZAÇÃO/ENDEREÇO": "RUA PROFESSOR MITSUKO TANAKA RIBEIRO, S/N°, BAIRRO DOS PRADOS",
        "MUNICIPIO": "MACATUBA",
        "Nº DE UNIDADES HABITACIONAIS": 13,
        "PROPRIETARIO": "JORGE LUIZ SAGGIN E OUTROS",
        "SITUAÇÃO": "DISPENSADO",
        "TIPOLOGIA DA CONSTRUÇÃO": null
      },
      "geometry": {
        "type": "MultiPolygon",
        "coordinates": [
          [
            [
              [
                -48.7302688927115,
                -22.527369812877733
              ],
              [
                -48.73052881505586,
                -22.527502701866474
              ],
              [
                -48.73041480650309,
                -22.52771174457764
              ],
              [
                -48.730324390084576,
                -22.527844825501344
              ],
              [
                -48.730225647147805,
                -22.527986037961597
              ],
              [
                -48.730089328688315,
                -22.528159875717076
              ],
              [
                -48.729886185425094,
                -22.528390832444934
              ],
              [
                -48.72970353762224,
                -22.528589560040928
              ],
              [
                -48.72960426035294,
                -22.528710938774
              ],
              [
                -48.72956295219906,
                -22.52860472956786
              ],
              [
                -48.7302688927115,
                -22.527369812877733
              ]
            ]
          ]
        ]
      }
    },
    {
      "type": "Feature",
      "properties": {
        "ANO ENTRADA": 2023,
        "ÁREA TOTAL DA GLEBA/M²": 9720.88,
        "DATA DO CERTIFICADO": "2023-07-04",
        "EXPEDIENTE DISPENSA": "307/2023-D",
        "LOCALIZAÇÃO/ENDEREÇO": "RUA JOÃO PAVANELLO, S/N°, BAIRRO DOS PRADOS",
        "MUNICIPIO": "MACATUBA",
        "Nº DE UNIDADES HABITACIONAIS": 27,
        "PROPRIETARIO": "JORGE LUIZ SAGGIN E OUTROS",
        "SITUAÇÃO": "DISPENSADO",
        "TIPOLOGIA DA CONSTRUÇÃO": null
      },
      "geometry": {
        "type": "MultiPolygon",
        "coordinates": [
          [
            [
              [
                -48.730655971836185,
                -22.526352660661562
              ],
              [
                -48.73073517460878,
                -22.526438144273328
              ],
              [
                -48.730700159797784,
                -22.526565970338808
              ],
              [
                -48.7302688927115,
                -22.527369812877726
              ],
              [
                -48.73052881505586,
                -22.527502701866464
              ],
              [
                -48.73106597226205,
                -22.526664647684676
              ],
              [
                -48.730897210219126,
                -22.526585212077396
              ],
              [
                -48.731010683962324,
                -22.5263563357583
              ],
              [
                -48.73081940009592,
                -22.526233761879578
              ],
              [
                -48.730554677048,
                -22.5260811386721
              ],
              [
                -48.730315146582456,
                -22.525912053678244
              ],
              [
                -48.73017595429517,
                -22.525820023467823
              ],
              [
                -48.730023313026415,
                -22.525704490139912
              ],
              [
                -48.72978762703859,
                -22.525519438309075
              ],
              [
                -48.72959880239113,
                -22.52532932969876
              ],
              [
                -48.72934966861088,
                -22.525120774022643
              ],
              [
                -48.7291476094169,
                -22.52491509506262
              ],
              [
                -48.728963802471405,
                -22.524752653340606
              ],
              [
                -48.72857523209564,
                -22.52539673440899
              ],
              [
                -48.730655971836185,
                -22.526352660661562
              ]
            ]
          ]
        ]
      }
    },
    {
      "type": "Feature",
      "properties": {
        "ANO ENTRADA": 2023,
        "ÁREA TOTAL DA GLEBA/M²": 11063.49,
        "DATA DO CERTIFICADO": "2023-07-04",
        "EXPEDIENTE DISPENSA": "308/2023-D",
        "LOCALIZAÇÃO/ENDEREÇO": "RUA BOAVENTURA ANTÔNIO AZEVEDO, S/N°, BAIRRO DOS PADROS",
        "MUNICIPIO": "MACATUBA",
        "Nº DE UNIDADES HABITACIONAIS": 23,
        "PROPRIETARIO": "JORGE LUIZ SAGGIN E OUTROS",
        "SITUAÇÃO": "DISPENSADO",
        "TIPOLOGIA DA CONSTRUÇÃO": null
      },
      "geometry": {
        "type": "MultiPolygon",
        "coordinates": [
          [
            [
              [
                -48.72952028025881,
                -22.528606711955582
              ],
              [
                -48.72945222909317,
                -22.528618213820778
              ],
              [
                -48.72723172970332,
                -22.52762979301152
              ],
              [
                -48.72701128205001,
                -22.528011976677305
              ],
              [
                -48.72927224406323,
                -22.528995492066876
              ],
              [
                -48.7293090156955,
                -22.52909188367661
              ],
              [
                -48.72935395603425,
                -22.529094810164626
              ],
              [
                -48.72958816736645,
                -22.528748027027465
              ],
              [
                -48.729588276045526,
                -22.528672610220106
              ],
              [
                -48.72955321067875,
                -22.528639685860544
              ],
              [
                -48.72952028025881,
                -22.528606711955582
              ]
            ]
          ]
        ]
      }
    },
    {
      "type": "Feature",
      "properties": {
        "ANO ENTRADA": 2023,
        "ÁREA TOTAL DA GLEBA/M²": 16184.43,
        "DATA DO CERTIFICADO": "2023-07-11",
        "EXPEDIENTE DISPENSA": "388/2023-D",
        "LOCALIZAÇÃO/ENDEREÇO": "RUA LIMEIRA, ÁREA 3, CHÁCARA ZABANI",
        "MUNICIPIO": "SANTA BARBARA D'OESTE",
        "Nº DE UNIDADES HABITACIONAIS": 3,
        "PROPRIETARIO": "IRMÃOS PITOLI ADMINISTRAÇÃO DE BENS LTDA",
        "SITUAÇÃO": "DISPENSADO",
        "TIPOLOGIA DA CONSTRUÇÃO": null
      },
      "geometry": {
        "type": "MultiPolygon",
        "coordinates": [
          [
            [
              [
                -47.372742195031854,
                -22.73626459382188
              ],
              [
                -47.372156183309706,
                -22.73516245956705
              ],
              [
                -47.37154921292338,
                -22.73560892651396
              ],
              [
                -47.37208334869851,
                -22.73677573135156
              ],
              [
                -47.372742195031854,
                -22.73626459382188
              ]
            ]
          ]
        ]
      }
    },
    {
      "type": "Feature",
      "properties": {
        "ANO ENTRADA": 2023,
        "ÁREA TOTAL DA GLEBA/M²": 724,
        "DATA DO CERTIFICADO": "2023-08-01",
        "EXPEDIENTE DISPENSA": "441/2023-D",
        "LOCALIZAÇÃO/ENDEREÇO": "RUA DUQUE DE CAXIAS (LADO ÍMPAR) E RUA PRUDENTE DE MORAIS (LADO PAR)",
        "MUNICIPIO": "GUARA",
        "Nº DE UNIDADES HABITACIONAIS": 3,
        "PROPRIETARIO": "LUCÉLIA REGINA GONÇALVES RIBEIRO E ECIMAR JOSÉ RIBEIRO",
        "SITUAÇÃO": "DISPENSADO",
        "TIPOLOGIA DA CONSTRUÇÃO": null
      },
      "geometry": {
        "type": "MultiPolygon",
        "coordinates": [
          [
            [
              [
                -47.83002019708819,
                -20.432418413279724
              ],
              [
                -47.82996546581319,
                -20.432292239140555
              ],
              [
                -47.830067221834646,
                -20.43225999424554
              ],
              [
                -47.830077892940615,
                -20.432297469380842
              ],
              [
                -47.83041525778858,
                -20.43218138777799
              ],
              [
                -47.83044417282312,
                -20.432260920870764
              ],
              [
                -47.83002019708819,
                -20.432418413279724
              ]
            ]
          ]
        ]
      }
    },
    {
      "type": "Feature",
      "properties": {
        "ANO ENTRADA": 2023,
        "ÁREA TOTAL DA GLEBA/M²": 12052,
        "DATA DO CERTIFICADO": "2023-08-01",
        "EXPEDIENTE DISPENSA": "430/2023-D",
        "LOCALIZAÇÃO/ENDEREÇO": "RUA MINAS GERAIS, GLEBA B, BAIRRO CHÁCARA COLINA DO VERDE JADI",
        "MUNICIPIO": "ESTRELA D'OESTE",
        "Nº DE UNIDADES HABITACIONAIS": 32,
        "PROPRIETARIO": "CLAUDIA ARNAL CARRASCO NOGUEIRA",
        "SITUAÇÃO": "DISPENSADO",
        "TIPOLOGIA DA CONSTRUÇÃO": null
      },
      "geometry": {
        "type": "MultiPolygon",
        "coordinates": [
          [
            [
              [
                -50.389998781266215,
                -20.289017655822466
              ],
              [
                -50.38938897449404,
                -20.289055465501082
              ],
              [
                -50.38901461603497,
                -20.289009206697365
              ],
              [
                -50.38857244597356,
                -20.288921679542142
              ],
              [
                -50.388041394277614,
                -20.288774262354437
              ],
              [
                -50.38708657572854,
                -20.288480930274552
              ],
              [
                -50.38630902132294,
                -20.288292934047902
              ],
              [
                -50.38616726933813,
                -20.28847556644785
              ],
              [
                -50.38629945829772,
                -20.28860638783862
              ],
              [
                -50.38834698663484,
                -20.289193617385283
              ],
              [
                -50.38987516017643,
                -20.289502116850006
              ],
              [
                -50.389998781266215,
                -20.289017655822466
              ]
            ]
          ]
        ]
      }
    },
    {
      "type": "Feature",
      "properties": {
        "ANO ENTRADA": 2023,
        "ÁREA TOTAL DA GLEBA/M²": 7387.93,
        "DATA DO CERTIFICADO": "2023-04-11",
        "EXPEDIENTE DISPENSA": "175/2023-D",
        "LOCALIZAÇÃO/ENDEREÇO": "RUA GESUÍNO DE OLIVEIRA, S/N.°, BAIRRO DA MANTIQUEIRA",
        "MUNICIPIO": "CUNHA",
        "Nº DE UNIDADES HABITACIONAIS": 10,
        "PROPRIETARIO": "JOÃO DOS PASSOS DE CAMPOS E OUTROS",
        "SITUAÇÃO": "DISPENSADO",
        "TIPOLOGIA DA CONSTRUÇÃO": null
      },
      "geometry": {
        "type": "MultiPolygon",
        "coordinates": [
          [
            [
              [
                -44.96735123348663,
                -23.075984768165057
              ],
              [
                -44.9665984634509,
                -23.075859801467633
              ],
              [
                -44.9664155547578,
                -23.076455626652848
              ],
              [
                -44.965915155542355,
                -23.076379023443387
              ],
              [
                -44.96577571210602,
                -23.077156032047387
              ],
              [
                -44.96626545505615,
                -23.07686124189822
              ],
              [
                -44.96657215575941,
                -23.076665017461284
              ],
              [
                -44.96735123348663,
                -23.075984768165057
              ]
            ]
          ]
        ]
      }
    },
    {
      "type": "Feature",
      "properties": {
        "ANO ENTRADA": 2023,
        "ÁREA TOTAL DA GLEBA/M²": 6311.46,
        "DATA DO CERTIFICADO": "2023-08-08",
        "EXPEDIENTE DISPENSA": "288/2023-D",
        "LOCALIZAÇÃO/ENDEREÇO": "ESTRADA MUNICIPAL PEREIRAS - CESÁRIO LANGE, BAIRRO DO FÉLIX",
        "MUNICIPIO": "PEREIRAS",
        "Nº DE UNIDADES HABITACIONAIS": 30,
        "PROPRIETARIO": "BENI EMPREENDIMENTOS IMOBILIÁRIOS SPE LTDA",
        "SITUAÇÃO": "DISPENSADO",
        "TIPOLOGIA DA CONSTRUÇÃO": null
      },
      "geometry": {
        "type": "MultiPolygon",
        "coordinates": [
          [
            [
              [
                -47.97353989533755,
                -23.08705351618956
              ],
              [
                -47.973854909841,
                -23.087211794067283
              ],
              [
                -47.97393952552264,
                -23.087106308453006
              ],
              [
                -47.97576367841282,
                -23.086378195438744
              ],
              [
                -47.97562025340084,
                -23.08611614631349
              ],
              [
                -47.97501319125653,
                -23.086348779604872
              ],
              [
                -47.97473238362286,
                -23.08642780257738
              ],
              [
                -47.97429742551838,
                -23.086580108433637
              ],
              [
                -47.973905622314454,
                -23.08671819456556
              ],
              [
                -47.97364490912906,
                -23.086887322590503
              ],
              [
                -47.97353989533755,
                -23.08705351618956
              ]
            ]
          ]
        ]
      }
    },
    {
      "type": "Feature",
      "properties": {
        "ANO ENTRADA": 2023,
        "ÁREA TOTAL DA GLEBA/M²": 5977.27,
        "DATA DO CERTIFICADO": "2023-08-08",
        "EXPEDIENTE DISPENSA": "455/2023-D",
        "LOCALIZAÇÃO/ENDEREÇO": "RUA SOLIDAGOS, GLEBA 01-A, FAZENDA RIBEIRÃO",
        "MUNICIPIO": "HOLAMBRA",
        "Nº DE UNIDADES HABITACIONAIS": 9,
        "PROPRIETARIO": "EPRIZA EMPREENDIMENTOS IMOBILIÁRIOS E COMÉRCIO LTDA",
        "SITUAÇÃO": "DISPENSADO",
        "TIPOLOGIA DA CONSTRUÇÃO": null
      },
      "geometry": {
        "type": "MultiPolygon",
        "coordinates": [
          [
            [
              [
                -47.05314848084611,
                -22.641509441038917
              ],
              [
                -47.052242522785,
                -22.641417699909343
              ],
              [
                -47.05218523538497,
                -22.641870564496852
              ],
              [
                -47.05219229822862,
                -22.641971234691113
              ],
              [
                -47.0522236005684,
                -22.64201733877911
              ],
              [
                -47.052285360721214,
                -22.64205271841969
              ],
              [
                -47.052388633309036,
                -22.64207206480208
              ],
              [
                -47.05271503312266,
                -22.642122140341264
              ],
              [
                -47.05307147860803,
                -22.64215715772871
              ],
              [
                -47.05314848084611,
                -22.641509441038917
              ]
            ]
          ]
        ]
      }
    },
    {
      "type": "Feature",
      "properties": {
        "ANO ENTRADA": 2023,
        "ÁREA TOTAL DA GLEBA/M²": 7955.32,
        "DATA DO CERTIFICADO": "2023-08-22",
        "EXPEDIENTE DISPENSA": "456/2023-D",
        "LOCALIZAÇÃO/ENDEREÇO": "RUA GREGORINA DE FARIA ALEXANDRONI, BAIRRO DA SANTA CRUZ",
        "MUNICIPIO": "SOCORRO",
        "Nº DE UNIDADES HABITACIONAIS": 15,
        "PROPRIETARIO": "NJB EMPREENDIMENTOS LTDA EPP",
        "SITUAÇÃO": "DISPENSADO",
        "TIPOLOGIA DA CONSTRUÇÃO": null
      },
      "geometry": {
        "type": "MultiPolygon",
        "coordinates": [
          [
            [
              [
                -46.53352717127061,
                -22.616904705861717
              ],
              [
                -46.53411043187172,
                -22.61686845786091
              ],
              [
                -46.53457630427069,
                -22.618162448373813
              ],
              [
                -46.53414889990792,
                -22.61835056774386
              ],
              [
                -46.53378995666832,
                -22.61776100866933
              ],
              [
                -46.53360969260493,
                -22.617394668433917
              ],
              [
                -46.53352717127061,
                -22.616904705861717
              ]
            ]
          ]
        ]
      }
    },
    {
      "type": "Feature",
      "properties": {
        "ANO ENTRADA": 2023,
        "ÁREA TOTAL DA GLEBA/M²": 9332,
        "DATA DO CERTIFICADO": "2023-10-04",
        "EXPEDIENTE DISPENSA": "513/2023-D",
        "LOCALIZAÇÃO/ENDEREÇO": "RUA GUMERCINDO HERNANI MORAES, S/N°, LOTEAMENTO PRAIA ÁGUA DOCE",
        "MUNICIPIO": "RUBINEIA",
        "Nº DE UNIDADES HABITACIONAIS": 20,
        "PROPRIETARIO": "QUIYOSHI ORIKASA E OUTRA",
        "SITUAÇÃO": "DISPENSADO",
        "TIPOLOGIA DA CONSTRUÇÃO": null
      },
      "geometry": {
        "type": "MultiPolygon",
        "coordinates": [
          [
            [
              [
                -51.020654518590106,
                -20.180981358170673
              ],
              [
                -51.02064807159579,
                -20.181299568972474
              ],
              [
                -51.02046818903491,
                -20.181729734904806
              ],
              [
                -51.02009829935956,
                -20.181963268627957
              ],
              [
                -51.019703181426486,
                -20.18214908669329
              ],
              [
                -51.01927519198784,
                -20.182331616682127
              ],
              [
                -51.01911066595692,
                -20.182067859923865
              ],
              [
                -51.020654518590106,
                -20.180981358170673
              ]
            ]
          ]
        ]
      }
    },
    {
      "type": "Feature",
      "properties": {
        "ANO ENTRADA": 2023,
        "ÁREA TOTAL DA GLEBA/M²": 16251.85,
        "DATA DO CERTIFICADO": "2023-11-07",
        "EXPEDIENTE DISPENSA": "639/2023-D",
        "LOCALIZAÇÃO/ENDEREÇO": "RUA PREFEITO PAULO HUMBERTO DE FIGUEIREDO",
        "MUNICIPIO": "ALTAIR",
        "Nº DE UNIDADES HABITACIONAIS": 63,
        "PROPRIETARIO": "MUNICÍPIO DE ALTAIR",
        "SITUAÇÃO": "DISPENSADO",
        "TIPOLOGIA DA CONSTRUÇÃO": null
      },
      "geometry": {
        "type": "MultiPolygon",
        "coordinates": [
          [
            [
              [
                -49.06358477103246,
                -20.528658819876735
              ],
              [
                -49.059962112193304,
                -20.530157985784545
              ],
              [
                -49.059893042763825,
                -20.529833255537834
              ],
              [
                -49.06316658593648,
                -20.52844070763016
              ],
              [
                -49.06320753806664,
                -20.528325783510272
              ],
              [
                -49.06303403345179,
                -20.52675509173136
              ],
              [
                -49.06330770943858,
                -20.52670722878399
              ],
              [
                -49.06358477103246,
                -20.528658819876735
              ]
            ]
          ]
        ]
      }
    },
    {
      "type": "Feature",
      "properties": {
        "ANO ENTRADA": null,
        "ÁREA TOTAL DA GLEBA/M²": null,
        "DATA DO CERTIFICADO": null,
        "EXPEDIENTE DISPENSA": "582-2023-D",
        "LOCALIZAÇÃO/ENDEREÇO": null,
        "MUNICIPIO": null,
        "Nº DE UNIDADES HABITACIONAIS": null,
        "PROPRIETARIO": null,
        "SITUAÇÃO": null,
        "TIPOLOGIA DA CONSTRUÇÃO": null
      },
      "geometry": {
        "type": "MultiPolygon",
        "coordinates": [
          [
            [
              [
                -47.383991183681495,
                -22.730889830419244
              ],
              [
                -47.383991183681495,
                -22.730889830419244
              ],
              [
                -47.384171792285144,
                -22.731389422264904
              ],
              [
                -47.38342731215908,
                -22.73167468617783
              ],
              [
                -47.38395828320464,
                -22.733076702882105
              ],
              [
                -47.383058757962736,
                -22.73294325573599
              ],
              [
                -47.38257937175574,
                -22.731471927220056
              ],
              [
                -47.383991183681495,
                -22.730889830419244
              ]
            ]
          ]
        ]
      }
    },
    {
      "type": "Feature",
      "properties": {
        "ANO ENTRADA": 2023,
        "ÁREA TOTAL DA GLEBA/M²": 3669.45,
        "DATA DO CERTIFICADO": "2023-11-21",
        "EXPEDIENTE DISPENSA": "250/2023-D",
        "LOCALIZAÇÃO/ENDEREÇO": "RUA OTÁVIO CAMILLO, S/N°, BAIRRO SANTA CECILIA",
        "MUNICIPIO": "BROTAS",
        "Nº DE UNIDADES HABITACIONAIS": 8,
        "PROPRIETARIO": "ESPÓLIO DE IZALTINA BRAGA MARTINELLI E OUTRA",
        "SITUAÇÃO": "DISPENSADO",
        "TIPOLOGIA DA CONSTRUÇÃO": null
      },
      "geometry": {
        "type": "MultiPolygon",
        "coordinates": [
          [
            [
              [
                -48.118273109712035,
                -22.27718339940922
              ],
              [
                -48.11889368351051,
                -22.277141025738224
              ],
              [
                -48.11889543956834,
                -22.27722014744722
              ],
              [
                -48.11863380486888,
                -22.277517443533434
              ],
              [
                -48.11867960464694,
                -22.27810718472601
              ],
              [
                -48.11842483393659,
                -22.27812426005071
              ],
              [
                -48.118273109712035,
                -22.27718339940922
              ]
            ]
          ]
        ]
      }
    },
    {
      "type": "Feature",
      "properties": {
        "ANO ENTRADA": 2022,
        "ÁREA TOTAL DA GLEBA/M²": 22337.65,
        "DATA DO CERTIFICADO": "2023-11-21",
        "EXPEDIENTE DISPENSA": "453/2022-D",
        "LOCALIZAÇÃO/ENDEREÇO": "AVENIDA GENTIL BAGNARIOL, S/N°, BAIRRO SANTA CECÍLIA",
        "MUNICIPIO": "BROTAS",
        "Nº DE UNIDADES HABITACIONAIS": 30,
        "PROPRIETARIO": "ESPÓLIO DE IZALTINA BRAGA MARTINELLI E OUTRA",
        "SITUAÇÃO": "DISPENSADO",
        "TIPOLOGIA DA CONSTRUÇÃO": null
      },
      "geometry": {
        "type": "MultiPolygon",
        "coordinates": [
          [
            [
              [
                -48.11889368351051,
                -22.277141025738224
              ],
              [
                -48.11889543956834,
                -22.277220147447206
              ],
              [
                -48.11889543956834,
                -22.27722014744722
              ],
              [
                -48.11863380486888,
                -22.277517443533434
              ],
              [
                -48.11867960464694,
                -22.27810718472601
              ],
              [
                -48.119012173843316,
                -22.278058168846968
              ],
              [
                -48.118969614810446,
                -22.277614498734852
              ],
              [
                -48.119031362217754,
                -22.27744891179011
              ],
              [
                -48.11931874842102,
                -22.277132853375313
              ],
              [
                -48.12022221594536,
                -22.275982948340108
              ],
              [
                -48.11975251406803,
                -22.275748425914703
              ],
              [
                -48.119574464367545,
                -22.275684871888334
              ],
              [
                -48.11945021595423,
                -22.275687260896337
              ],
              [
                -48.11927500327051,
                -22.275751518481268
              ],
              [
                -48.119061634648176,
                -22.275865220500783
              ],
              [
                -48.11885453491985,
                -22.275966623992485
              ],
              [
                -48.11862060190324,
                -22.276038098629822
              ],
              [
                -48.117900070296656,
                -22.276587769420704
              ],
              [
                -48.118273109712035,
                -22.27718339940922
              ],
              [
                -48.11889368351051,
                -22.277141025738224
              ]
            ]
          ]
        ]
      }
    },
    {
      "type": "Feature",
      "properties": {
        "ANO ENTRADA": 2023,
        "ÁREA TOTAL DA GLEBA/M²": 63102.2,
        "DATA DO CERTIFICADO": "2023-11-29",
        "EXPEDIENTE DISPENSA": "689/2023-D",
        "LOCALIZAÇÃO/ENDEREÇO": "RUA SERRA REDONDA, N.° 13, BAIRRO JARDIM GUAIRACA",
        "MUNICIPIO": "SAO PAULO",
        "Nº DE UNIDADES HABITACIONAIS": 3,
        "PROPRIETARIO": "TENDA NEGÓCIOS IMOBILIÁRIOS S/A",
        "SITUAÇÃO": "DISPENSADO",
        "TIPOLOGIA DA CONSTRUÇÃO": null
      },
      "geometry": {
        "type": "MultiPolygon",
        "coordinates": [
          [
            [
              [
                -46.540413027407936,
                -23.60447733246557
              ],
              [
                -46.53793383757621,
                -23.60484122212764
              ],
              [
                -46.53806818202014,
                -23.60762655260207
              ],
              [
                -46.54058041890278,
                -23.60606392292707
              ],
              [
                -46.540413027407936,
                -23.60447733246557
              ]
            ]
          ]
        ]
      }
    },
    {
      "type": "Feature",
      "properties": {
        "ANO ENTRADA": 2023,
        "ÁREA TOTAL DA GLEBA/M²": 10564.57,
        "DATA DO CERTIFICADO": "2023-11-29",
        "EXPEDIENTE DISPENSA": "677/2023-D",
        "LOCALIZAÇÃO/ENDEREÇO": "RUA MINAS GERAIS, ESQUINA COM A RUA JUNDIAÍ",
        "MUNICIPIO": "ESTRELA D'OESTE",
        "Nº DE UNIDADES HABITACIONAIS": 11,
        "PROPRIETARIO": "LUIZ SEBASTIÃO RUIZ E FÁTIMA DA SILVA RUIZ",
        "SITUAÇÃO": "DISPENSADO",
        "TIPOLOGIA DA CONSTRUÇÃO": null
      },
      "geometry": {
        "type": "MultiPolygon",
        "coordinates": [
          [
            [
              [
                -50.39170953464907,
                -20.288395943927192
              ],
              [
                -50.39055934055985,
                -20.28877854084799
              ],
              [
                -50.39072104538104,
                -20.28771958240734
              ],
              [
                -50.39178809256844,
                -20.287824463908315
              ],
              [
                -50.39170953464907,
                -20.288395943927192
              ]
            ]
          ]
        ]
      }
    },
    {
      "type": "Feature",
      "properties": {
        "ANO ENTRADA": 2025,
        "ÁREA TOTAL DA GLEBA/M²": 33330,
        "DATA DO CERTIFICADO": "2025-11-04",
        "EXPEDIENTE DISPENSA": "770/2025-D",
        "LOCALIZAÇÃO/ENDEREÇO": "RUA ARISTEU MACEDO DE SOUZA, BAIRRO BOM JARDIM",
        "MUNICIPIO": "RIO DAS PEDRAS",
        "Nº DE UNIDADES HABITACIONAIS": 17,
        "PROPRIETARIO": "EMPREENDIMENTOS IMOBILIÁRIOS LETHI S/C LTDA.",
        "SITUAÇÃO": "DISPENSADO",
        "TIPOLOGIA DA CONSTRUÇÃO": null
      },
      "geometry": {
        "type": "MultiPolygon",
        "coordinates": [
          [
            [
              [
                -47.59246881850197,
                -22.829591859024376
              ],
              [
                -47.59310596059483,
                -22.82994670527734
              ],
              [
                -47.59158136552872,
                -22.832662008035264
              ],
              [
                -47.59082592915114,
                -22.83230299468926
              ],
              [
                -47.59246881850197,
                -22.829591859024376
              ]
            ]
          ]
        ]
      }
    },
    {
      "type": "Feature",
      "properties": {
        "ANO ENTRADA": 2023,
        "ÁREA TOTAL DA GLEBA/M²": 37058.04,
        "DATA DO CERTIFICADO": "2023-12-05",
        "EXPEDIENTE DISPENSA": "700/2023-D",
        "LOCALIZAÇÃO/ENDEREÇO": "AVENIDA GUARAPIRANGA, N.° 4.250/2.400, GUARAPIRANGA",
        "MUNICIPIO": "SAO PAULO",
        "Nº DE UNIDADES HABITACIONAIS": 3,
        "PROPRIETARIO": "TENDA NEGÓCIOS IMOBILIÁRIOS S.A",
        "SITUAÇÃO": "DISPENSADO",
        "TIPOLOGIA DA CONSTRUÇÃO": null
      },
      "geometry": {
        "type": "MultiPolygon",
        "coordinates": [
          [
            [
              [
                -46.7412723608697,
                -23.68523637307501
              ],
              [
                -46.74048365071886,
                -23.68549990462349
              ],
              [
                -46.74036714376753,
                -23.685531982166832
              ],
              [
                -46.74027487217272,
                -23.685292004553016
              ],
              [
                -46.740092032636824,
                -23.685360723294615
              ],
              [
                -46.739434603100925,
                -23.684070732753092
              ],
              [
                -46.73981141386666,
                -23.683933171649446
              ],
              [
                -46.739474941544664,
                -23.682973025679644
              ],
              [
                -46.74113137314887,
                -23.682808156353847
              ],
              [
                -46.74158000756398,
                -23.683108614130433
              ],
              [
                -46.74138852823245,
                -23.683305769877446
              ],
              [
                -46.74096093897669,
                -23.683261827759612
              ],
              [
                -46.74077785070246,
                -23.683559639562375
              ],
              [
                -46.74079510908943,
                -23.68379669813579
              ],
              [
                -46.7412723608697,
                -23.68523637307501
              ]
            ]
          ]
        ]
      }
    },
    {
      "type": "Feature",
      "properties": {
        "ANO ENTRADA": 2023,
        "ÁREA TOTAL DA GLEBA/M²": 2401,
        "DATA DO CERTIFICADO": "2023-12-05",
        "EXPEDIENTE DISPENSA": "579/2023-D",
        "LOCALIZAÇÃO/ENDEREÇO": "ESTRADA MUNICIPAL SEM DENOMINAÇÃO, BAIRRO MORRO GRANDE",
        "MUNICIPIO": "ARARAS",
        "Nº DE UNIDADES HABITACIONAIS": 8,
        "PROPRIETARIO": "LUÍS SIDNEI REMÉDIO E RAQUEL SALOMÃO REMÉDIO",
        "SITUAÇÃO": "DISPENSADO",
        "TIPOLOGIA DA CONSTRUÇÃO": null
      },
      "geometry": {
        "type": "MultiPolygon",
        "coordinates": [
          [
            [
              [
                -47.2438529499311,
                -22.376053554222715
              ],
              [
                -47.243304626958,
                -22.375565865961526
              ],
              [
                -47.24310945299857,
                -22.375786649974998
              ],
              [
                -47.24365783555694,
                -22.376278034272197
              ],
              [
                -47.2438529499311,
                -22.376053554222715
              ]
            ]
          ]
        ]
      }
    },
    {
      "type": "Feature",
      "properties": {
        "ANO ENTRADA": 2023,
        "ÁREA TOTAL DA GLEBA/M²": 27895.93,
        "DATA DO CERTIFICADO": "2023-12-12",
        "EXPEDIENTE DISPENSA": "704/2023-D",
        "LOCALIZAÇÃO/ENDEREÇO": "RUA CONDE FRANCISCO MATARAZZO, LADO ÍMPAR",
        "MUNICIPIO": "GUARA",
        "Nº DE UNIDADES HABITACIONAIS": 31,
        "PROPRIETARIO": "ALTA MOGIANA IMÓVEIS LTDA",
        "SITUAÇÃO": "DISPENSADO",
        "TIPOLOGIA DA CONSTRUÇÃO": null
      },
      "geometry": {
        "type": "MultiPolygon",
        "coordinates": [
          [
            [
              [
                -47.830202139034164,
                -20.436078264090288
              ],
              [
                -47.82915112324653,
                -20.436468445894775
              ],
              [
                -47.82930472024393,
                -20.43823999965841
              ],
              [
                -47.83083496803306,
                -20.43777349107058
              ],
              [
                -47.830202139034164,
                -20.436078264090288
              ]
            ]
          ]
        ]
      }
    },
    {
      "type": "Feature",
      "properties": {
        "ANO ENTRADA": 2023,
        "ÁREA TOTAL DA GLEBA/M²": 8711.42,
        "DATA DO CERTIFICADO": "2024-01-24",
        "EXPEDIENTE DISPENSA": "692/2023-d",
        "LOCALIZAÇÃO/ENDEREÇO": "RUA PROJETADA, N° 22, LOTEAMENTO GOLDEN PARK RESIDENCE II",
        "MUNICIPIO": "MIRASSOL",
        "Nº DE UNIDADES HABITACIONAIS": 11,
        "PROPRIETARIO": "SETPAR EMPREENDIMENTO IMOBILIÁRIO LUZIA POLOTTO SPE LTDA",
        "SITUAÇÃO": "DISPENSADO",
        "TIPOLOGIA DA CONSTRUÇÃO": null
      },
      "geometry": {
        "type": "MultiPolygon",
        "coordinates": [
          [
            [
              [
                -49.45372801159539,
                -20.817006816525556
              ],
              [
                -49.453186289045355,
                -20.816101638302143
              ],
              [
                -49.45570198819051,
                -20.815960756702285
              ],
              [
                -49.45544940460897,
                -20.816390721387133
              ],
              [
                -49.45413188174162,
                -20.816477218296264
              ],
              [
                -49.45372801159539,
                -20.817006816525556
              ]
            ]
          ]
        ]
      }
    },
    {
      "type": "Feature",
      "properties": {
        "ANO ENTRADA": 2023,
        "ÁREA TOTAL DA GLEBA/M²": 40002.42,
        "DATA DO CERTIFICADO": "2024-01-24",
        "EXPEDIENTE DISPENSA": "446/2023-D",
        "LOCALIZAÇÃO/ENDEREÇO": "AVENIDA JAIME GORGATTO, S/N°, E RUA ANIBAL REGACINE, S/N°",
        "MUNICIPIO": "JACI",
        "Nº DE UNIDADES HABITACIONAIS": 11,
        "PROPRIETARIO": "FARES INCORPORADORA LTDA",
        "SITUAÇÃO": "DISPENSADO",
        "TIPOLOGIA DA CONSTRUÇÃO": null
      },
      "geometry": {
        "type": "MultiPolygon",
        "coordinates": [
          [
            [
              [
                -49.57238374590512,
                -20.876451275351577
              ],
              [
                -49.57293501436859,
                -20.876445005064017
              ],
              [
                -49.573120071997636,
                -20.876287110306766
              ],
              [
                -49.57367236935906,
                -20.87631479618308
              ],
              [
                -49.57453005638023,
                -20.876350890636846
              ],
              [
                -49.57504446580727,
                -20.876342298242072
              ],
              [
                -49.57530311352133,
                -20.876385562585956
              ],
              [
                -49.57513214244958,
                -20.87747165207088
              ],
              [
                -49.57538552561698,
                -20.87750136712069
              ],
              [
                -49.575320086777914,
                -20.877744977106854
              ],
              [
                -49.574016442234885,
                -20.877506115391636
              ],
              [
                -49.57388475042498,
                -20.87764654397223
              ],
              [
                -49.57381460621381,
                -20.877735126721223
              ],
              [
                -49.57376220808571,
                -20.87776847401941
              ],
              [
                -49.57257347795519,
                -20.87747632503392
              ],
              [
                -49.57220662199906,
                -20.877467105524378
              ],
              [
                -49.57221850951663,
                -20.877262870626257
              ],
              [
                -49.57225440684656,
                -20.87695603438357
              ],
              [
                -49.57238374590512,
                -20.876451275351577
              ]
            ]
          ]
        ]
      }
    },
    {
      "type": "Feature",
      "properties": {
        "ANO ENTRADA": 2024,
        "ÁREA TOTAL DA GLEBA/M²": 87693.8,
        "DATA DO CERTIFICADO": "2024-08-27",
        "EXPEDIENTE DISPENSA": "436/2024-D",
        "LOCALIZAÇÃO/ENDEREÇO": "ESTRADA MUNICIPAL ANTÔNIO NAVARRETE BARROSO",
        "MUNICIPIO": "MIRASSOL",
        "Nº DE UNIDADES HABITACIONAIS": 2,
        "PROPRIETARIO": "VICENTE LARA CARRERA E OCREDES ROCHA CARRERA",
        "SITUAÇÃO": "DISPENSADO",
        "TIPOLOGIA DA CONSTRUÇÃO": null
      },
      "geometry": {
        "type": "MultiPolygon",
        "coordinates": [
          [
            [
              [
                -49.47013839484274,
                -20.82658739111964
              ],
              [
                -49.47106221979062,
                -20.826591875702274
              ],
              [
                -49.471185059198426,
                -20.826626837215418
              ],
              [
                -49.47128845939983,
                -20.826690936042414
              ],
              [
                -49.471372420444816,
                -20.826784172211777
              ],
              [
                -49.47145638159703,
                -20.82687740832039
              ],
              [
                -49.47158851785524,
                -20.82688349719569
              ],
              [
                -49.47158851785524,
                -20.82688349719569
              ],
              [
                -49.4714291175964,
                -20.829044402425936
              ],
              [
                -49.47130796829508,
                -20.82906665576697
              ],
              [
                -49.47123978913091,
                -20.8291638690247
              ],
              [
                -49.47124373760947,
                -20.82929736907955
              ],
              [
                -49.471317557608344,
                -20.829390870154423
              ],
              [
                -49.47120239677987,
                -20.831674679471913
              ],
              [
                -49.46957840124032,
                -20.832022509445736
              ],
              [
                -49.47013839484274,
                -20.82658739111964
              ]
            ]
          ]
        ]
      }
    },
    {
      "type": "Feature",
      "properties": {
        "ANO ENTRADA": 2023,
        "ÁREA TOTAL DA GLEBA/M²": 5258.22,
        "DATA DO CERTIFICADO": "2024-03-12",
        "EXPEDIENTE DISPENSA": "638/2023-D",
        "LOCALIZAÇÃO/ENDEREÇO": "AV. ÂNGELO TREVISAN, LOTE 11, QUADRA F, LOTEAMENTO CAMPOS ELÍSEOS II",
        "MUNICIPIO": "BROTAS",
        "Nº DE UNIDADES HABITACIONAIS": 2,
        "PROPRIETARIO": "DORIVAL ZANZIROLIMO",
        "SITUAÇÃO": "DISPENSADO",
        "TIPOLOGIA DA CONSTRUÇÃO": null
      },
      "geometry": {
        "type": "MultiPolygon",
        "coordinates": [
          [
            [
              [
                -48.11264360264664,
                -22.266691166128503
              ],
              [
                -48.11177662786415,
                -22.26710770135461
              ],
              [
                -48.11197141355165,
                -22.267516100351642
              ],
              [
                -48.11286396859867,
                -22.267153209469328
              ],
              [
                -48.11264360264664,
                -22.266691166128503
              ]
            ]
          ]
        ]
      }
    },
    {
      "type": "Feature",
      "properties": {
        "ANO ENTRADA": 2024,
        "ÁREA TOTAL DA GLEBA/M²": 31839.26,
        "DATA DO CERTIFICADO": "2024-04-09",
        "EXPEDIENTE DISPENSA": "151/2024-D",
        "LOCALIZAÇÃO/ENDEREÇO": "RUA JOAQUIM SIMÕES GOMES, ESQUINA COM AV. PRESIDENTE VARGAS, NOVA ALIANÇA",
        "MUNICIPIO": "RIBEIRAO PRETO",
        "Nº DE UNIDADES HABITACIONAIS": 6,
        "PROPRIETARIO": "RIBEIRÃO RESIDENCIAL EMPREENDIMENTO IMOBILIÁRIO LTDA",
        "SITUAÇÃO": "DISPENSADO",
        "TIPOLOGIA DA CONSTRUÇÃO": null
      },
      "geometry": {
        "type": "MultiPolygon",
        "coordinates": [
          [
            [
              [
                -47.81807438612991,
                -21.21455804722035
              ],
              [
                -47.81745821451944,
                -21.214176392199914
              ],
              [
                -47.81675505188373,
                -21.214376847407927
              ],
              [
                -47.816104300829394,
                -21.21461997460864
              ],
              [
                -47.81613287623952,
                -21.215853401599087
              ],
              [
                -47.81523967206849,
                -21.215829597914286
              ],
              [
                -47.81516781627633,
                -21.2158501523044
              ],
              [
                -47.81518567950785,
                -21.21597566411449
              ],
              [
                -47.815211914749646,
                -21.216270395667408
              ],
              [
                -47.815275289280464,
                -21.216346759593264
              ],
              [
                -47.81549702598434,
                -21.21633822042568
              ],
              [
                -47.81612437926669,
                -21.216221295171238
              ],
              [
                -47.81663188507736,
                -21.216043463703052
              ],
              [
                -47.817039994767896,
                -21.21579470796672
              ],
              [
                -47.81757238635907,
                -21.215297095292772
              ],
              [
                -47.81793527113628,
                -21.21484102312019
              ],
              [
                -47.81807558070857,
                -21.214620932100445
              ],
              [
                -47.81807438612991,
                -21.21455804722035
              ]
            ]
          ]
        ]
      }
    },
    {
      "type": "Feature",
      "properties": {
        "ANO ENTRADA": 2024,
        "ÁREA TOTAL DA GLEBA/M²": 22902.36,
        "DATA DO CERTIFICADO": "2024-04-09",
        "EXPEDIENTE DISPENSA": "155/2024-D",
        "LOCALIZAÇÃO/ENDEREÇO": "RUA CAPITÃO JOSÉ INÁCIO DO ROSÁRIO X AV. JOSÉ MARIA DE FARIA X RUA ENGENHEIRO AUBERTIN, ÁGUA BRANCA",
        "MUNICIPIO": "SAO PAULO",
        "Nº DE UNIDADES HABITACIONAIS": 4,
        "PROPRIETARIO": "FUNDAÇÃO DE ROTARIANOS DE SÃO PAULO",
        "SITUAÇÃO": "DISPENSADO",
        "TIPOLOGIA DA CONSTRUÇÃO": null
      },
      "geometry": {
        "type": "MultiPolygon",
        "coordinates": [
          [
            [
              [
                -46.70292998638867,
                -23.512838407836657
              ],
              [
                -46.70220292273532,
                -23.51261067373899
              ],
              [
                -46.70180196482502,
                -23.512346637906102
              ],
              [
                -46.701486188504894,
                -23.51208167007839
              ],
              [
                -46.70114945488655,
                -23.511843117761266
              ],
              [
                -46.70104873278745,
                -23.511739469291335
              ],
              [
                -46.70089223341418,
                -23.5117149918078
              ],
              [
                -46.700850652560625,
                -23.51179400776605
              ],
              [
                -46.700734198971645,
                -23.513229031113614
              ],
              [
                -46.70156555279546,
                -23.513285415251584
              ],
              [
                -46.70154526713806,
                -23.513364198640335
              ],
              [
                -46.7017726684617,
                -23.513381353564284
              ],
              [
                -46.70177367814286,
                -23.513459904201223
              ],
              [
                -46.70267323947416,
                -23.51329949221699
              ],
              [
                -46.70273120526158,
                -23.513390513519393
              ],
              [
                -46.70308402014971,
                -23.51322298434205
              ],
              [
                -46.70292998638867,
                -23.512838407836657
              ]
            ]
          ]
        ]
      }
    },
    {
      "type": "Feature",
      "properties": {
        "ANO ENTRADA": 2024,
        "ÁREA TOTAL DA GLEBA/M²": 5946.97,
        "DATA DO CERTIFICADO": "2024-04-09",
        "EXPEDIENTE DISPENSA": "132/2024-D",
        "LOCALIZAÇÃO/ENDEREÇO": "RUA OTÍLIO AMORIM TEIXEIRA",
        "MUNICIPIO": "SANTA FE DO SUL",
        "Nº DE UNIDADES HABITACIONAIS": 16,
        "PROPRIETARIO": "ESTÂNCIA EMPREENDIMENTOS IMOBILIÁRIOS SANTA FÉ DO SUL LTDA",
        "SITUAÇÃO": "DISPENSADO",
        "TIPOLOGIA DA CONSTRUÇÃO": null
      },
      "geometry": {
        "type": "MultiPolygon",
        "coordinates": [
          [
            [
              [
                -50.9170902064817,
                -20.19992050397201
              ],
              [
                -50.917123613778045,
                -20.200217389127115
              ],
              [
                -50.918950060861995,
                -20.200479822641928
              ],
              [
                -50.919016234928314,
                -20.20047235773417
              ],
              [
                -50.91905850277072,
                -20.20041864611682
              ],
              [
                -50.91906165753077,
                -20.200355799888634
              ],
              [
                -50.919042688295676,
                -20.20029370142994
              ],
              [
                -50.919013633704765,
                -20.20011169293055
              ],
              [
                -50.9170902064817,
                -20.19992050397201
              ]
            ]
          ]
        ]
      }
    },
    {
      "type": "Feature",
      "properties": {
        "ANO ENTRADA": 2024,
        "ÁREA TOTAL DA GLEBA/M²": 26923.02,
        "DATA DO CERTIFICADO": "2024-04-16",
        "EXPEDIENTE DISPENSA": "169/2024-D",
        "LOCALIZAÇÃO/ENDEREÇO": "RUA JOHN SPEERS, N.° 806, VILA CARMOSINA",
        "MUNICIPIO": "SAO PAULO",
        "Nº DE UNIDADES HABITACIONAIS": 2,
        "PROPRIETARIO": "MRV XC INCORPORAÇÕES LTDA.",
        "SITUAÇÃO": "DISPENSADO",
        "TIPOLOGIA DA CONSTRUÇÃO": null
      },
      "geometry": {
        "type": "MultiPolygon",
        "coordinates": [
          [
            [
              [
                -46.45717436733683,
                -23.572598436667025
              ],
              [
                -46.45841213636402,
                -23.572515465996336
              ],
              [
                -46.45843821856809,
                -23.5718729868878
              ],
              [
                -46.45881952180837,
                -23.571349504020517
              ],
              [
                -46.45901530731439,
                -23.57105203438723
              ],
              [
                -46.45909012553728,
                -23.570816865467883
              ],
              [
                -46.45660149750016,
                -23.571798465414417
              ],
              [
                -46.45643494558886,
                -23.571738861188074
              ],
              [
                -46.45637084333744,
                -23.57194334598137
              ],
              [
                -46.455776606374585,
                -23.572213963030727
              ],
              [
                -46.45715880894834,
                -23.57219081457731
              ],
              [
                -46.45717436733683,
                -23.572598436667025
              ]
            ]
          ]
        ]
      }
    },
    {
      "type": "Feature",
      "properties": {
        "ANO ENTRADA": 2024,
        "ÁREA TOTAL DA GLEBA/M²": 65111.98,
        "DATA DO CERTIFICADO": "2024-04-24",
        "EXPEDIENTE DISPENSA": "156/2024-D",
        "LOCALIZAÇÃO/ENDEREÇO": "RUA ARNALDO PEREIRA DOS SANTOS, ESQUINA COM A RUA MARIA MADALENA CASADEI",
        "MUNICIPIO": "QUATA",
        "Nº DE UNIDADES HABITACIONAIS": 32,
        "PROPRIETARIO": "G & Z EMPREENDIMENTO IMOBILIÁRIO SPE LTDA",
        "SITUAÇÃO": "DISPENSADO",
        "TIPOLOGIA DA CONSTRUÇÃO": null
      },
      "geometry": {
        "type": "MultiPolygon",
        "coordinates": [
          [
            [
              [
                -50.709100505284155,
                -22.24748329240576
              ],
              [
                -50.7093075111973,
                -22.246396783554314
              ],
              [
                -50.70901540799334,
                -22.24372702600472
              ],
              [
                -50.70829986378483,
                -22.243473436993682
              ],
              [
                -50.70716120475282,
                -22.247308792266953
              ],
              [
                -50.707979968136314,
                -22.247486799157276
              ],
              [
                -50.7080662174075,
                -22.247231943468666
              ],
              [
                -50.709100505284155,
                -22.24748329240576
              ]
            ]
          ]
        ]
      }
    },
    {
      "type": "Feature",
      "properties": {
        "ANO ENTRADA": 2024,
        "ÁREA TOTAL DA GLEBA/M²": 22892.41,
        "DATA DO CERTIFICADO": "2024-04-24",
        "EXPEDIENTE DISPENSA": "160/2024-D",
        "LOCALIZAÇÃO/ENDEREÇO": "RUA IONEJI MATSUBAYASHI, N° 1.034 - COLÔNIA VILA CARMOSINA",
        "MUNICIPIO": "SAO PAULO",
        "Nº DE UNIDADES HABITACIONAIS": 2,
        "PROPRIETARIO": "TENDA NEGÓCIOS IMOBILIARIOS S/A",
        "SITUAÇÃO": "DISPENSADO",
        "TIPOLOGIA DA CONSTRUÇÃO": null
      },
      "geometry": {
        "type": "MultiPolygon",
        "coordinates": [
          [
            [
              [
                -46.43843227330624,
                -23.565346302071767
              ],
              [
                -46.439402327810505,
                -23.56629246953091
              ],
              [
                -46.438753777766024,
                -23.566791706012623
              ],
              [
                -46.43772308341756,
                -23.565736488293638
              ],
              [
                -46.43843227330624,
                -23.565346302071767
              ]
            ]
          ]
        ]
      }
    },
    {
      "type": "Feature",
      "properties": {
        "ANO ENTRADA": 2024,
        "ÁREA TOTAL DA GLEBA/M²": 990,
        "DATA DO CERTIFICADO": "2024-04-30",
        "EXPEDIENTE DISPENSA": "28/2024-D",
        "LOCALIZAÇÃO/ENDEREÇO": "RUA HIDA BORELA DE CASTILHO, CENTRO",
        "MUNICIPIO": "ALVARO DE CARVALHO",
        "Nº DE UNIDADES HABITACIONAIS": 3,
        "PROPRIETARIO": "RICARDO COTAIT",
        "SITUAÇÃO": "DISPENSADO",
        "TIPOLOGIA DA CONSTRUÇÃO": null
      },
      "geometry": {
        "type": "MultiPolygon",
        "coordinates": [
          [
            [
              [
                -49.71595011053399,
                -22.082582663224308
              ],
              [
                -49.71563637610064,
                -22.08261092806856
              ],
              [
                -49.715608832290854,
                -22.082333375931064
              ],
              [
                -49.71591820617822,
                -22.08231163608064
              ],
              [
                -49.71595011053399,
                -22.082582663224308
              ]
            ]
          ]
        ]
      }
    },
    {
      "type": "Feature",
      "properties": {
        "ANO ENTRADA": 2024,
        "ÁREA TOTAL DA GLEBA/M²": 3991.5,
        "DATA DO CERTIFICADO": "2024-05-14",
        "EXPEDIENTE DISPENSA": "219/2024-D",
        "LOCALIZAÇÃO/ENDEREÇO": "RUA LUIZ SORATO, S/N.°, CÓRREGO DO MARRUCO",
        "MUNICIPIO": "TRES FRONTEIRAS",
        "Nº DE UNIDADES HABITACIONAIS": 16,
        "PROPRIETARIO": "DANIEL ANTÔNIO GIROTTO E NADIR DE ALBUQUERQUE GIROTTO",
        "SITUAÇÃO": "DISPENSADO",
        "TIPOLOGIA DA CONSTRUÇÃO": null
      },
      "geometry": {
        "type": "MultiPolygon",
        "coordinates": [
          [
            [
              [
                -50.89813017088827,
                -20.228087511184544
              ],
              [
                -50.897834643606444,
                -20.227786043225944
              ],
              [
                -50.896608079855554,
                -20.22879629350815
              ],
              [
                -50.89688660843416,
                -20.22913294031863
              ],
              [
                -50.89813017088827,
                -20.228087511184544
              ]
            ]
          ]
        ]
      }
    },
    {
      "type": "Feature",
      "properties": {
        "ANO ENTRADA": 2024,
        "ÁREA TOTAL DA GLEBA/M²": 6175.1,
        "DATA DO CERTIFICADO": "2024-05-14",
        "EXPEDIENTE DISPENSA": "218/2024-D",
        "LOCALIZAÇÃO/ENDEREÇO": "RUA LUIS SORATO, S/N.°, CÓRREGO DO MARRUCO",
        "MUNICIPIO": "TRES FRONTEIRAS",
        "Nº DE UNIDADES HABITACIONAIS": 24,
        "PROPRIETARIO": "MARIA DE FÁTIMA GIROTTO",
        "SITUAÇÃO": "DISPENSADO",
        "TIPOLOGIA DA CONSTRUÇÃO": null
      },
      "geometry": {
        "type": "MultiPolygon",
        "coordinates": [
          [
            [
              [
                -50.89688660843416,
                -20.22913294031863
              ],
              [
                -50.896608079855554,
                -20.22879629350815
              ],
              [
                -50.89474531781837,
                -20.23043354422604
              ],
              [
                -50.89507909588847,
                -20.230776983139705
              ],
              [
                -50.89688660843416,
                -20.22913294031863
              ]
            ]
          ]
        ]
      }
    },
    {
      "type": "Feature",
      "properties": {
        "ANO ENTRADA": 2024,
        "ÁREA TOTAL DA GLEBA/M²": 6175,
        "DATA DO CERTIFICADO": "2024-05-14",
        "EXPEDIENTE DISPENSA": "217/2024-D",
        "LOCALIZAÇÃO/ENDEREÇO": "RUA LUIZ SORATO, S/N°, CÓRREGO DO MARRUCO",
        "MUNICIPIO": "TRES FRONTEIRAS",
        "Nº DE UNIDADES HABITACIONAIS": 24,
        "PROPRIETARIO": "LUIS ATÍLIO GIROTTO",
        "SITUAÇÃO": "DISPENSADO",
        "TIPOLOGIA DA CONSTRUÇÃO": null
      },
      "geometry": {
        "type": "MultiPolygon",
        "coordinates": [
          [
            [
              [
                -50.89474531781837,
                -20.230433544226045
              ],
              [
                -50.892907036194565,
                -20.231992099888107
              ],
              [
                -50.89331600638112,
                -20.23238491458818
              ],
              [
                -50.89507909588847,
                -20.230776983139705
              ],
              [
                -50.89474531781837,
                -20.230433544226045
              ]
            ]
          ]
        ]
      }
    },
    {
      "type": "Feature",
      "properties": {
        "ANO ENTRADA": 2024,
        "ÁREA TOTAL DA GLEBA/M²": 6175,
        "DATA DO CERTIFICADO": "2024-05-14",
        "EXPEDIENTE DISPENSA": "216/2024-D",
        "LOCALIZAÇÃO/ENDEREÇO": "RUA LUIZ SORATO, S/N°, CÓRREGO DO MARRUCO",
        "MUNICIPIO": "TRES FRONTEIRAS",
        "Nº DE UNIDADES HABITACIONAIS": 24,
        "PROPRIETARIO": "LUZIA APARECIDA GIROTTO DE OLIVEIRA",
        "SITUAÇÃO": "DISPENSADO",
        "TIPOLOGIA DA CONSTRUÇÃO": null
      },
      "geometry": {
        "type": "MultiPolygon",
        "coordinates": [
          [
            [
              [
                -50.892907036194565,
                -20.231992099888107
              ],
              [
                -50.89193181175231,
                -20.232864097737597
              ],
              [
                -50.89098959832056,
                -20.233639819808214
              ],
              [
                -50.89146722167958,
                -20.234151439992104
              ],
              [
                -50.89331600638112,
                -20.23238491458818
              ],
              [
                -50.892907036194565,
                -20.231992099888107
              ]
            ]
          ]
        ]
      }
    },
    {
      "type": "Feature",
      "properties": {
        "ANO ENTRADA": 2024,
        "ÁREA TOTAL DA GLEBA/M²": 54200.62,
        "DATA DO CERTIFICADO": "2024-06-25",
        "EXPEDIENTE DISPENSA": "298/2024-D",
        "LOCALIZAÇÃO/ENDEREÇO": "AV. DO ANASTÁCIO X RUA EMIR NOGUEIRA X RUA DES. OLAVO LIMA GUIMARÃES X RUA BERNARDINO DE QUEIROZ GUIMARÃES X RUA DR. LUIZ DELFINO DE AMORIM LIMA, CITY AMÉRICA, PIRITUBA, SÃO PAULO - SP",
        "MUNICIPIO": "SAO PAULO",
        "Nº DE UNIDADES HABITACIONAIS": 1,
        "PROPRIETARIO": "CCISA84 INCORPORADORA LTDA.",
        "SITUAÇÃO": "DISPENSADO",
        "TIPOLOGIA DA CONSTRUÇÃO": null
      },
      "geometry": {
        "type": "MultiPolygon",
        "coordinates": [
          [
            [
              [
                -46.734271759504864,
                -23.499830651336087
              ],
              [
                -46.73276059524594,
                -23.49980419813126
              ],
              [
                -46.73190124900206,
                -23.500826326743073
              ],
              [
                -46.730914260439896,
                -23.50141714713613
              ],
              [
                -46.731059866654,
                -23.50250598979113
              ],
              [
                -46.73196400145922,
                -23.502037251887057
              ],
              [
                -46.732066646103355,
                -23.501992838131525
              ],
              [
                -46.7323761639284,
                -23.501980741129284
              ],
              [
                -46.73245292355255,
                -23.502109704002464
              ],
              [
                -46.732519847849574,
                -23.502204158451757
              ],
              [
                -46.732568006690116,
                -23.502298821626955
              ],
              [
                -46.732597513218714,
                -23.502402346735337
              ],
              [
                -46.732598871423185,
                -23.502506184985247
              ],
              [
                -46.73260034282015,
                -23.502618676420983
              ],
              [
                -46.7326578846942,
                -23.50271323516717
              ],
              [
                -46.73270615703362,
                -23.502816551463585
              ],
              [
                -46.7327731950937,
                -23.502919658950212
              ],
              [
                -46.73284012005921,
                -23.503014113214757
              ],
              [
                -46.732888279456716,
                -23.50310877625054
              ],
              [
                -46.73294582176636,
                -23.503203334859858
              ],
              [
                -46.73304982551988,
                -23.50326275864425
              ],
              [
                -46.733171802477564,
                -23.503261401225227
              ],
              [
                -46.733284283351416,
                -23.503251494954913
              ],
              [
                -46.73331107306307,
                -23.50314734346994
              ],
              [
                -46.7333096010256,
                -23.503034852084262
              ],
              [
                -46.733327007866734,
                -23.502930805024725
              ],
              [
                -46.733325535830936,
                -23.50281831363686
              ],
              [
                -46.7333335598398,
                -23.502714371003446
              ],
              [
                -46.733360349432814,
                -23.502610219511897
              ],
              [
                -46.73335887739121,
                -23.502497728121412
              ],
              [
                -46.733319987470495,
                -23.502394307621067
              ],
              [
                -46.73324728808376,
                -23.501858541126783
              ],
              [
                -46.733205907648625,
                -23.501564750491536
              ],
              [
                -46.73324817921686,
                -23.50120944779412
              ],
              [
                -46.734271759504864,
                -23.499830651336087
              ]
            ]
          ]
        ]
      }
    },
    {
      "type": "Feature",
      "properties": {
        "ANO ENTRADA": 2024,
        "ÁREA TOTAL DA GLEBA/M²": 10223.05,
        "DATA DO CERTIFICADO": "2024-07-16",
        "EXPEDIENTE DISPENSA": "327/2024-D",
        "LOCALIZAÇÃO/ENDEREÇO": "RUA ANÉZIO ANTONIO DE OLIVEIRA - LADO ÍMPAR",
        "MUNICIPIO": "LOURDES",
        "Nº DE UNIDADES HABITACIONAIS": 33,
        "PROPRIETARIO": "KB - RETA EMPREENDIMENTOS IMOBILIÁRIOS LTDA.",
        "SITUAÇÃO": "DISPENSADO",
        "TIPOLOGIA DA CONSTRUÇÃO": null
      },
      "geometry": {
        "type": "MultiPolygon",
        "coordinates": [
          [
            [
              [
                -50.2227950329452,
                -20.962652916990162
              ],
              [
                -50.22138346113943,
                -20.964993769547583
              ],
              [
                -50.22162910463066,
                -20.965316490021493
              ],
              [
                -50.22317754216365,
                -20.962808691911086
              ],
              [
                -50.2227950329452,
                -20.962652916990162
              ]
            ]
          ]
        ]
      }
    },
    {
      "type": "Feature",
      "properties": {
        "ANO ENTRADA": 2024,
        "ÁREA TOTAL DA GLEBA/M²": 62439.12,
        "DATA DO CERTIFICADO": "2024-07-16",
        "EXPEDIENTE DISPENSA": "311/2024-D",
        "LOCALIZAÇÃO/ENDEREÇO": "RUA SCHIMIDT IVAMOTO",
        "MUNICIPIO": "COLINA",
        "Nº DE UNIDADES HABITACIONAIS": 26,
        "PROPRIETARIO": "R.J.L. EMPREENDIMENTOS IMOBILIÁRIOS LTDA.",
        "SITUAÇÃO": "DISPENSADO",
        "TIPOLOGIA DA CONSTRUÇÃO": null
      },
      "geometry": {
        "type": "MultiPolygon",
        "coordinates": [
          [
            [
              [
                -48.53401381762799,
                -20.726612847826328
              ],
              [
                -48.53361124542871,
                -20.726470871731088
              ],
              [
                -48.533717332629166,
                -20.726277983709487
              ],
              [
                -48.533401388598016,
                -20.726163120747625
              ],
              [
                -48.53327168124814,
                -20.726396947178007
              ],
              [
                -48.53219971425794,
                -20.725997115153383
              ],
              [
                -48.53077134046226,
                -20.729031548439835
              ],
              [
                -48.531794044495996,
                -20.729160786630953
              ],
              [
                -48.53271596234736,
                -20.729182289539043
              ],
              [
                -48.53286812339508,
                -20.728063815238176
              ],
              [
                -48.53354665691968,
                -20.727656893278777
              ],
              [
                -48.53401381762799,
                -20.726612847826328
              ]
            ]
          ]
        ]
      }
    },
    {
      "type": "Feature",
      "properties": {
        "ANO ENTRADA": 2024,
        "ÁREA TOTAL DA GLEBA/M²": 22799.7,
        "DATA DO CERTIFICADO": "2024-07-16",
        "EXPEDIENTE DISPENSA": "328/2024-D",
        "LOCALIZAÇÃO/ENDEREÇO": "AVENIDA PRESIDENTE VARGAS, RUA TUPINIQUINS, ESTRADA CHAFIC JOSÉ SAIF",
        "MUNICIPIO": "INDAIATUBA",
        "Nº DE UNIDADES HABITACIONAIS": 14,
        "PROPRIETARIO": "BEG PARTICIPAÇÕES LTDA.",
        "SITUAÇÃO": "DISPENSADO",
        "TIPOLOGIA DA CONSTRUÇÃO": null
      },
      "geometry": {
        "type": "MultiPolygon",
        "coordinates": [
          [
            [
              [
                -47.192511506255784,
                -23.084612841086834
              ],
              [
                -47.19052965170274,
                -23.083194097491017
              ],
              [
                -47.18923309394331,
                -23.08416732512705
              ],
              [
                -47.192511506255784,
                -23.084612841086834
              ]
            ]
          ]
        ]
      }
    },
    {
      "type": "Feature",
      "properties": {
        "ANO ENTRADA": 2024,
        "ÁREA TOTAL DA GLEBA/M²": 32648.62,
        "DATA DO CERTIFICADO": "2024-07-16",
        "EXPEDIENTE DISPENSA": "332/2024-D",
        "LOCALIZAÇÃO/ENDEREÇO": "RUA CÂNDIDA LUZIA PRIMOLA DE SOUZA",
        "MUNICIPIO": "SAO JOAO DA BOA VISTA",
        "Nº DE UNIDADES HABITACIONAIS": 10,
        "PROPRIETARIO": "PONTO ALTO EMPREENDIMENTOS IMOBILIÁRIOS LTDA.",
        "SITUAÇÃO": "DISPENSADO",
        "TIPOLOGIA DA CONSTRUÇÃO": null
      },
      "geometry": {
        "type": "MultiPolygon",
        "coordinates": [
          [
            [
              [
                -46.782499980926026,
                -22.011126904162207
              ],
              [
                -46.78268114552987,
                -22.010173202846467
              ],
              [
                -46.78443556306443,
                -22.01076287530538
              ],
              [
                -46.78454051983723,
                -22.010333025243934
              ],
              [
                -46.78480670676264,
                -22.01029583013647
              ],
              [
                -46.78499219073375,
                -22.010422422299815
              ],
              [
                -46.78495008791977,
                -22.01073155002987
              ],
              [
                -46.78525777562885,
                -22.01107116445552
              ],
              [
                -46.785399010935556,
                -22.011335424334252
              ],
              [
                -46.7856322916762,
                -22.011607255347254
              ],
              [
                -46.783789785487336,
                -22.011327224719615
              ],
              [
                -46.78324395422362,
                -22.011796168720515
              ],
              [
                -46.782499980926026,
                -22.011126904162207
              ]
            ]
          ]
        ]
      }
    },
    {
      "type": "Feature",
      "properties": {
        "ANO ENTRADA": 2024,
        "ÁREA TOTAL DA GLEBA/M²": 15005.02,
        "DATA DO CERTIFICADO": "2024-07-23",
        "EXPEDIENTE DISPENSA": "364/2024-D",
        "LOCALIZAÇÃO/ENDEREÇO": "RUA ANTÔNIO DUELA, SÃO SEBASTIÃO",
        "MUNICIPIO": "REGENTE FEIJO",
        "Nº DE UNIDADES HABITACIONAIS": 6,
        "PROPRIETARIO": "JOSÉ GERALDO DE SOUZA LIMA & VALÉRIA EMPREENDIMENTOS LTDA.",
        "SITUAÇÃO": "DISPENSADO",
        "TIPOLOGIA DA CONSTRUÇÃO": null
      },
      "geometry": {
        "type": "MultiPolygon",
        "coordinates": [
          [
            [
              [
                -51.26172624314189,
                -22.288371574289144
              ],
              [
                -51.2616696048082,
                -22.2879379858977
              ],
              [
                -51.26373903542378,
                -22.288759098463792
              ],
              [
                -51.263596928736085,
                -22.289032015109076
              ],
              [
                -51.265305387392864,
                -22.28975319015833
              ],
              [
                -51.2651896256136,
                -22.28990128572408
              ],
              [
                -51.26172624314189,
                -22.288371574289144
              ]
            ]
          ]
        ]
      }
    },
    {
      "type": "Feature",
      "properties": {
        "ANO ENTRADA": 2024,
        "ÁREA TOTAL DA GLEBA/M²": 165412.581,
        "DATA DO CERTIFICADO": "2024-07-30",
        "EXPEDIENTE DISPENSA": "334/2024-D",
        "LOCALIZAÇÃO/ENDEREÇO": "SÍTIO JARAGUÁ - AVENIDA JOSÉ DA COSTA PINHEIRO JÚNIOR, N° 1.415, BAIRRO JARAGUÁ",
        "MUNICIPIO": "CARAGUATATUBA",
        "Nº DE UNIDADES HABITACIONAIS": 6,
        "PROPRIETARIO": "MATSUMOTO INCORPORADORA E AGROEMPREENDIMENTOS LTDA.",
        "SITUAÇÃO": "DISPENSADO",
        "TIPOLOGIA DA CONSTRUÇÃO": null
      },
      "geometry": {
        "type": "MultiPolygon",
        "coordinates": [
          [
            [
              [
                -45.44306210763405,
                -23.710358013626127
              ],
              [
                -45.44243675689262,
                -23.711914720031388
              ],
              [
                -45.443153462778774,
                -23.712089811548758
              ],
              [
                -45.44335707045645,
                -23.712246688233005
              ],
              [
                -45.44357149993628,
                -23.712442898599715
              ],
              [
                -45.443775541459196,
                -23.712727709652988
              ],
              [
                -45.444108109526276,
                -23.71309088152867
              ],
              [
                -45.44441893609194,
                -23.713345861421438
              ],
              [
                -45.44471870854873,
                -23.713492618766804
              ],
              [
                -45.44505078032198,
                -23.713708171317588
              ],
              [
                -45.445308034859934,
                -23.71392393847939
              ],
              [
                -45.445650997644506,
                -23.71419850580748
              ],
              [
                -45.44591910977822,
                -23.7144634468461
              ],
              [
                -45.44633742982955,
                -23.714895255237128
              ],
              [
                -45.44691628048786,
                -23.715385646256202
              ],
              [
                -45.44768867742535,
                -23.713080563228257
              ],
              [
                -45.44884388483579,
                -23.71333308875982
              ],
              [
                -45.44905512372719,
                -23.712594382876773
              ],
              [
                -45.44762105547065,
                -23.71205726975163
              ],
              [
                -45.44710705030737,
                -23.71177335976553
              ],
              [
                -45.446026275231404,
                -23.711402511547394
              ],
              [
                -45.44606842541229,
                -23.71122524764641
              ],
              [
                -45.44306210763405,
                -23.710358013626127
              ]
            ]
          ]
        ]
      }
    },
    {
      "type": "Feature",
      "properties": {
        "ANO ENTRADA": 2024,
        "ÁREA TOTAL DA GLEBA/M²": 21591.18,
        "DATA DO CERTIFICADO": "2024-07-30",
        "EXPEDIENTE DISPENSA": "376/2024-D",
        "LOCALIZAÇÃO/ENDEREÇO": "RUA ANDRÉ DE ALMEIDA, S/N.°, ITAQUERA",
        "MUNICIPIO": "SAO PAULO",
        "Nº DE UNIDADES HABITACIONAIS": 1,
        "PROPRIETARIO": "CONSTRUTORA TENDA S/A",
        "SITUAÇÃO": "DISPENSADO",
        "TIPOLOGIA DA CONSTRUÇÃO": null
      },
      "geometry": {
        "type": "MultiPolygon",
        "coordinates": [
          [
            [
              [
                -46.48033969501274,
                -23.59445900973823
              ],
              [
                -46.48034473209865,
                -23.594376533119995
              ],
              [
                -46.479564558616964,
                -23.59366409167483
              ],
              [
                -46.479338760436825,
                -23.593468414071783
              ],
              [
                -46.47908465467886,
                -23.593141119887427
              ],
              [
                -46.47762302496296,
                -23.593605644007987
              ],
              [
                -46.47824224649678,
                -23.59458889480782
              ],
              [
                -46.47916661360501,
                -23.594069035271303
              ],
              [
                -46.47946472067721,
                -23.594066195506326
              ],
              [
                -46.48033969501274,
                -23.59445900973823
              ]
            ]
          ]
        ]
      }
    },
    {
      "type": "Feature",
      "properties": {
        "ANO ENTRADA": 2024,
        "ÁREA TOTAL DA GLEBA/M²": 11775.94,
        "DATA DO CERTIFICADO": "2024-08-06",
        "EXPEDIENTE DISPENSA": "374/2024-D",
        "LOCALIZAÇÃO/ENDEREÇO": "RUA DR. DIOMAR CHIMELLO, RUA DR. RAUL JOSÉ DE ANDRADE VIANNA, RUA WALNER PELLIZZON E RUA JOÃO SIMONI JÚNIOR, LOTEAMENTO HORIZON CATANDUVA",
        "MUNICIPIO": "CATANDUVA",
        "Nº DE UNIDADES HABITACIONAIS": 34,
        "PROPRIETARIO": "TERRA VIIV EMPREENDIMENTOS IMOBILIÁRIOS SPE LTDA",
        "SITUAÇÃO": "DISPENSADO",
        "TIPOLOGIA DA CONSTRUÇÃO": null
      },
      "geometry": {
        "type": "MultiPolygon",
        "coordinates": [
          [
            [
              [
                -49.01286792809485,
                -21.135035246457893
              ],
              [
                -49.011601180621554,
                -21.135686666472115
              ],
              [
                -49.01155379701448,
                -21.135754964938222
              ],
              [
                -49.011600779802265,
                -21.13583781812017
              ],
              [
                -49.012080468634075,
                -21.13636802907344
              ],
              [
                -49.01213515196376,
                -21.13640451701669
              ],
              [
                -49.01228046939786,
                -21.13631710091285
              ],
              [
                -49.0132835377722,
                -21.135512395468904
              ],
              [
                -49.01286792809485,
                -21.135035246457893
              ]
            ]
          ]
        ]
      }
    },
    {
      "type": "Feature",
      "properties": {
        "ANO ENTRADA": 2024,
        "ÁREA TOTAL DA GLEBA/M²": 6000,
        "DATA DO CERTIFICADO": "2024-09-17",
        "EXPEDIENTE DISPENSA": "487/2024-D",
        "LOCALIZAÇÃO/ENDEREÇO": "ESTRADA MUNICIPAL, SÍTIO SANTA LINA, GLEBA\"A\"",
        "MUNICIPIO": "FRANCA",
        "Nº DE UNIDADES HABITACIONAIS": 10,
        "PROPRIETARIO": "FRANCISCO DE LUCIO TERSI E MARLY THEREZINHA AMADO TERSI",
        "SITUAÇÃO": "DISPENSADO",
        "TIPOLOGIA DA CONSTRUÇÃO": null
      },
      "geometry": {
        "type": "MultiPolygon",
        "coordinates": [
          [
            [
              [
                -47.407126055668584,
                -20.476235675442503
              ],
              [
                -47.40682688443203,
                -20.476057200291354
              ],
              [
                -47.40799613145669,
                -20.474526318087296
              ],
              [
                -47.408241947489216,
                -20.474694788687184
              ],
              [
                -47.407126055668584,
                -20.476235675442503
              ]
            ]
          ]
        ]
      }
    },
    {
      "type": "Feature",
      "properties": {
        "ANO ENTRADA": 2024,
        "ÁREA TOTAL DA GLEBA/M²": 24555.19,
        "DATA DO CERTIFICADO": "2024-08-20",
        "EXPEDIENTE DISPENSA": "406/2024-D",
        "LOCALIZAÇÃO/ENDEREÇO": "AV. THOMAS EDISON, N° 887, 929, 931 E 967, AV. MARQUÊS DE SÃO VICENTE, S/N° BARRA FUNDA",
        "MUNICIPIO": "SAO PAULO",
        "Nº DE UNIDADES HABITACIONAIS": 1,
        "PROPRIETARIO": "CYMA 02 EMPREENDIMENTOS IMOBILIÁRIOS LTDA.",
        "SITUAÇÃO": "DISPENSADO",
        "TIPOLOGIA DA CONSTRUÇÃO": null
      },
      "geometry": {
        "type": "MultiPolygon",
        "coordinates": [
          [
            [
              [
                -46.67099450768221,
                -23.520227433939215
              ],
              [
                -46.67097758730364,
                -23.5199953947459
              ],
              [
                -46.670148664780754,
                -23.520275215505674
              ],
              [
                -46.67011686168827,
                -23.51997237945031
              ],
              [
                -46.669330633397614,
                -23.519200292824575
              ],
              [
                -46.66956323700351,
                -23.518784960847945
              ],
              [
                -46.67005553045053,
                -23.518992549126214
              ],
              [
                -46.670456159451575,
                -23.51858831430426
              ],
              [
                -46.67137113045003,
                -23.519030033336293
              ],
              [
                -46.671380985347724,
                -23.519810447512526
              ],
              [
                -46.671380985347724,
                -23.519810447512516
              ],
              [
                -46.67145451367899,
                -23.52009348340065
              ],
              [
                -46.67099450768221,
                -23.520227433939215
              ]
            ]
          ]
        ]
      }
    },
    {
      "type": "Feature",
      "properties": {
        "ANO ENTRADA": 2024,
        "ÁREA TOTAL DA GLEBA/M²": 46472.77,
        "DATA DO CERTIFICADO": "2024-03-26",
        "EXPEDIENTE DISPENSA": "94/2024-D",
        "LOCALIZAÇÃO/ENDEREÇO": "RUA ZIKE TUMA, N.° 1.037, JARDIM UBIRAJARA X RUA JOSÉ FUGULIN X ESTRADA DA SERVIDÃO, JARDIM SANTA CRUZ-CAMPO GRANDE",
        "MUNICIPIO": "SAO PAULO",
        "Nº DE UNIDADES HABITACIONAIS": 3,
        "PROPRIETARIO": "PLANO BIRITIBA EMPREENDIMENTOS IMOBILIÁRIOS LTDA",
        "SITUAÇÃO": "DISPENSADO",
        "TIPOLOGIA DA CONSTRUÇÃO": null
      },
      "geometry": {
        "type": "MultiPolygon",
        "coordinates": [
          [
            [
              [
                -46.673238344320296,
                -23.68506739636266
              ],
              [
                -46.67281684544895,
                -23.684173878008032
              ],
              [
                -46.67187813148363,
                -23.684889046435405
              ],
              [
                -46.67177554419382,
                -23.684705503584336
              ],
              [
                -46.67149690432609,
                -23.68501066742844
              ],
              [
                -46.67110773870314,
                -23.68522469849612
              ],
              [
                -46.67073668996768,
                -23.68543013992933
              ],
              [
                -46.670520125508205,
                -23.685600340927788
              ],
              [
                -46.670486909755034,
                -23.68728773448291
              ],
              [
                -46.67084155419755,
                -23.687225155013774
              ],
              [
                -46.67122246792532,
                -23.687078359109574
              ],
              [
                -46.671529625406336,
                -23.68686521298682
              ],
              [
                -46.67182734875783,
                -23.68662698855096
              ],
              [
                -46.67215884947224,
                -23.686178568648916
              ],
              [
                -46.6723907517801,
                -23.685781583214325
              ],
              [
                -46.67255157008003,
                -23.685528049871817
              ],
              [
                -46.673238344320296,
                -23.68506739636266
              ]
            ]
          ]
        ]
      }
    },
    {
      "type": "Feature",
      "properties": {
        "ANO ENTRADA": 2024,
        "ÁREA TOTAL DA GLEBA/M²": 45642.74,
        "DATA DO CERTIFICADO": "2024-08-13",
        "EXPEDIENTE DISPENSA": "408/2024-D",
        "LOCALIZAÇÃO/ENDEREÇO": "RUA ITÁLIA GIUSTI, S/N.°, VILA CARMOZINA",
        "MUNICIPIO": "SAO PAULO",
        "Nº DE UNIDADES HABITACIONAIS": 3,
        "PROPRIETARIO": "PLANO EUFRATES EMPREENDIMENTOS IMOBILIÁRIOS LTDA.",
        "SITUAÇÃO": "DISPENSADO",
        "TIPOLOGIA DA CONSTRUÇÃO": null
      },
      "geometry": {
        "type": "MultiPolygon",
        "coordinates": [
          [
            [
              [
                -46.448654220985674,
                -23.569478014365863
              ],
              [
                -46.451122876621596,
                -23.566442719831727
              ],
              [
                -46.45124341009331,
                -23.565536869042056
              ],
              [
                -46.45112388046871,
                -23.565501377597805
              ],
              [
                -46.451015638922414,
                -23.565460551056958
              ],
              [
                -46.45087370570284,
                -23.565451416690106
              ],
              [
                -46.450698195580024,
                -23.56548443259364
              ],
              [
                -46.45038092435456,
                -23.565524000765375
              ],
              [
                -46.44819121693015,
                -23.56916332196243
              ],
              [
                -46.448654220985674,
                -23.569478014365863
              ]
            ]
          ]
        ]
      }
    },
    {
      "type": "Feature",
      "properties": {
        "ANO ENTRADA": 2024,
        "ÁREA TOTAL DA GLEBA/M²": 86832.48,
        "DATA DO CERTIFICADO": "2024-09-10",
        "EXPEDIENTE DISPENSA": "272/2024-D",
        "LOCALIZAÇÃO/ENDEREÇO": "AV. JOSÉ MEZZALIRA, RUA LUPÉRCIO DECARLI, RUA EUTICHIANO RIZZI, RUA JUSTINIANO ALVES DE SOUZA, DESIGNADO COMO ÁREA RESERVADA DA ESTÂNCIA ALPINA",
        "MUNICIPIO": "JUNDIAI",
        "Nº DE UNIDADES HABITACIONAIS": 14,
        "PROPRIETARIO": "THOMAS ZOLTAN TOPLER KENEZ",
        "SITUAÇÃO": "DISPENSADO",
        "TIPOLOGIA DA CONSTRUÇÃO": null
      },
      "geometry": {
        "type": "MultiPolygon",
        "coordinates": [
          [
            [
              [
                -46.80597046835207,
                -23.182281572939097
              ],
              [
                -46.805980548390586,
                -23.182262342029283
              ],
              [
                -46.80588649225048,
                -23.182186960345
              ],
              [
                -46.80578209958367,
                -23.182111697198195
              ],
              [
                -46.80560701821841,
                -23.182161494061752
              ],
              [
                -46.80540028548479,
                -23.182163865714898
              ],
              [
                -46.805285556453114,
                -23.18208872079531
              ],
              [
                -46.80509236639603,
                -23.182329877279173
              ],
              [
                -46.8049087429645,
                -23.18251357809817
              ],
              [
                -46.80465212120456,
                -23.182650327680808
              ],
              [
                -46.80465212120456,
                -23.182650327680808
              ],
              [
                -46.80454978003682,
                -23.182727962176763
              ],
              [
                -46.80396178692185,
                -23.183594889523317
              ],
              [
                -46.80424293029485,
                -23.183744588576293
              ],
              [
                -46.804441636470834,
                -23.183914347584405
              ],
              [
                -46.80451719913855,
                -23.1841524217535
              ],
              [
                -46.80453035658584,
                -23.18436253859316
              ],
              [
                -46.80446120410366,
                -23.184602272110993
              ],
              [
                -46.804228584725216,
                -23.184987244189266
              ],
              [
                -46.8038859752843,
                -23.185650647932135
              ],
              [
                -46.80381733382265,
                -23.185928605862447
              ],
              [
                -46.803858214185986,
                -23.18666407425965
              ],
              [
                -46.80394232015337,
                -23.18676824395268
              ],
              [
                -46.80394232015337,
                -23.18676824395268
              ],
              [
                -46.804107712135746,
                -23.186766347828804
              ],
              [
                -46.80484299851772,
                -23.186088882709587
              ],
              [
                -46.80522379779557,
                -23.185960265677977
              ],
              [
                -46.805462188610385,
                -23.18600531882956
              ],
              [
                -46.805660899764575,
                -23.18617507594433
              ],
              [
                -46.805660899764575,
                -23.18617507594433
              ],
              [
                -46.80712880959575,
                -23.185393616451663
              ],
              [
                -46.806594183752516,
                -23.184845413338547
              ],
              [
                -46.806233876190326,
                -23.18419007371447
              ],
              [
                -46.805935592754,
                -23.183534021298758
              ],
              [
                -46.80583730184029,
                -23.18314328679241
              ],
              [
                -46.80582132013837,
                -23.18272293489673
              ],
              [
                -46.80597046835207,
                -23.182281572939097
              ]
            ]
          ]
        ]
      }
    },
    {
      "type": "Feature",
      "properties": {
        "ANO ENTRADA": 2024,
        "ÁREA TOTAL DA GLEBA/M²": 8220,
        "DATA DO CERTIFICADO": "2024-09-10",
        "EXPEDIENTE DISPENSA": "402/2024-D",
        "LOCALIZAÇÃO/ENDEREÇO": "RUA DINORAH COSTA TERTULIANO, BAIRRO BELA VISTA",
        "MUNICIPIO": "ITATIBA",
        "Nº DE UNIDADES HABITACIONAIS": 44,
        "PROPRIETARIO": "HORIZONTE AZUL EMPREENDIMENTOS IMOBILIÁRIOS LTDA. E JUND ADMINISTRADORA DE BENS LTDA.",
        "SITUAÇÃO": "DISPENSADO",
        "TIPOLOGIA DA CONSTRUÇÃO": null
      },
      "geometry": {
        "type": "MultiPolygon",
        "coordinates": [
          [
            [
              [
                -46.79794031759574,
                -23.00367337145942
              ],
              [
                -46.79833860152301,
                -23.003997699566863
              ],
              [
                -46.79913905953461,
                -23.004939284943447
              ],
              [
                -46.799499633622425,
                -23.005341766777093
              ],
              [
                -46.79972304229411,
                -23.00514191643806
              ],
              [
                -46.79865455901275,
                -23.003958235672446
              ],
              [
                -46.798144352783396,
                -23.00347374334057
              ],
              [
                -46.79794031759574,
                -23.00367337145942
              ]
            ]
          ]
        ]
      }
    },
    {
      "type": "Feature",
      "properties": {
        "ANO ENTRADA": 2024,
        "ÁREA TOTAL DA GLEBA/M²": 1892,
        "DATA DO CERTIFICADO": "2024-10-09",
        "EXPEDIENTE DISPENSA": "462/2024-D",
        "LOCALIZAÇÃO/ENDEREÇO": "RUA ÂNGELO FRARE, BAIRRO SILVESTRE",
        "MUNICIPIO": "AMPARO",
        "Nº DE UNIDADES HABITACIONAIS": 13,
        "PROPRIETARIO": "CAMILOTTI EMPREENDIMENTOS IMOBILIÁRIOS LTDA.",
        "SITUAÇÃO": "DISPENSADO",
        "TIPOLOGIA DA CONSTRUÇÃO": null
      },
      "geometry": {
        "type": "MultiPolygon",
        "coordinates": [
          [
            [
              [
                -46.81609793808385,
                -22.70644303136428
              ],
              [
                -46.81601236886745,
                -22.706268294202136
              ],
              [
                -46.816775432107136,
                -22.705944563778296
              ],
              [
                -46.81685779722828,
                -22.706123881088423
              ],
              [
                -46.81609793808385,
                -22.70644303136428
              ]
            ]
          ]
        ]
      }
    },
    {
      "type": "Feature",
      "properties": {
        "ANO ENTRADA": 2024,
        "ÁREA TOTAL DA GLEBA/M²": 3589.27,
        "DATA DO CERTIFICADO": "2024-10-09",
        "EXPEDIENTE DISPENSA": "485/2024-D",
        "LOCALIZAÇÃO/ENDEREÇO": "RUA FRANCISCO ANTÔNIO SOARES, CHÁCARA BATISTELA 04",
        "MUNICIPIO": "ENGENHEIRO COELHO",
        "Nº DE UNIDADES HABITACIONAIS": 4,
        "PROPRIETARIO": "DOLVANE JOSÉ BATISTELA",
        "SITUAÇÃO": "DISPENSADO",
        "TIPOLOGIA DA CONSTRUÇÃO": null
      },
      "geometry": {
        "type": "MultiPolygon",
        "coordinates": [
          [
            [
              [
                -47.21027510575841,
                -22.486459951923546
              ],
              [
                -47.21016537639168,
                -22.486093600547594
              ],
              [
                -47.208938385574406,
                -22.486413908266517
              ],
              [
                -47.20897480288429,
                -22.486526065141227
              ],
              [
                -47.20933735150146,
                -22.486454420260166
              ],
              [
                -47.20975799513924,
                -22.48645784828448
              ],
              [
                -47.20979034220158,
                -22.48662523924621
              ],
              [
                -47.21027510575841,
                -22.486459951923546
              ]
            ]
          ]
        ]
      }
    },
    {
      "type": "Feature",
      "properties": {
        "ANO ENTRADA": 2024,
        "ÁREA TOTAL DA GLEBA/M²": 47288.72,
        "DATA DO CERTIFICADO": "2024-10-22",
        "EXPEDIENTE DISPENSA": "554/2024-D",
        "LOCALIZAÇÃO/ENDEREÇO": "RUA HAROLDO ANTÔNIO BATAGLIA, S/N°, SÍTIO SÃO BENEDITO",
        "MUNICIPIO": "SANTA BARBARA D'OESTE",
        "Nº DE UNIDADES HABITACIONAIS": 4,
        "PROPRIETARIO": "CGD EMPREENDIMENTOS S/A.",
        "SITUAÇÃO": "DISPENSADO",
        "TIPOLOGIA DA CONSTRUÇÃO": null
      },
      "geometry": {
        "type": "MultiPolygon",
        "coordinates": [
          [
            [
              [
                -47.37166484969675,
                -22.71049947347358
              ],
              [
                -47.37041784234778,
                -22.71129124075191
              ],
              [
                -47.37168699107103,
                -22.712992947738424
              ],
              [
                -47.37190389646446,
                -22.71288340458716
              ],
              [
                -47.37205813846929,
                -22.712765125117986
              ],
              [
                -47.37205813846929,
                -22.712765125117986
              ],
              [
                -47.37243161731704,
                -22.712672589679514
              ],
              [
                -47.372752515390985,
                -22.71255183617342
              ],
              [
                -47.37328056680442,
                -22.712360345510827
              ],
              [
                -47.373611545874425,
                -22.712220108928477
              ],
              [
                -47.373942190765156,
                -22.712060544885993
              ],
              [
                -47.37369595442228,
                -22.711677565649488
              ],
              [
                -47.37485120184369,
                -22.71100312763635
              ],
              [
                -47.37465837884505,
                -22.710696683529253
              ],
              [
                -47.372295214727615,
                -22.71140838122605
              ],
              [
                -47.37166484969675,
                -22.71049947347358
              ]
            ]
          ]
        ]
      }
    },
    {
      "type": "Feature",
      "properties": {
        "ANO ENTRADA": 2024,
        "ÁREA TOTAL DA GLEBA/M²": 56855.68,
        "DATA DO CERTIFICADO": "2024-09-24",
        "EXPEDIENTE DISPENSA": "489/2024-D",
        "LOCALIZAÇÃO/ENDEREÇO": "AV. DOUTOR MANOEL PALOMINO FERNANDES",
        "MUNICIPIO": "COLINA",
        "Nº DE UNIDADES HABITACIONAIS": 32,
        "PROPRIETARIO": "RUMO CERTO COLINA LTDA.",
        "SITUAÇÃO": "DISPENSADO",
        "TIPOLOGIA DA CONSTRUÇÃO": null
      },
      "geometry": {
        "type": "MultiPolygon",
        "coordinates": [
          [
            [
              [
                -48.529581851709246,
                -20.713244978076123
              ],
              [
                -48.53081047314787,
                -20.713645344852132
              ],
              [
                -48.53061409330154,
                -20.7142229993177
              ],
              [
                -48.530177793552156,
                -20.71434914912186
              ],
              [
                -48.53032511920441,
                -20.71476554701877
              ],
              [
                -48.53065474659882,
                -20.714845130456712
              ],
              [
                -48.53008921049252,
                -20.716182858341487
              ],
              [
                -48.527961988654305,
                -20.715480194061794
              ],
              [
                -48.52860970249592,
                -20.713727529449866
              ],
              [
                -48.52933619224676,
                -20.71395933885324
              ],
              [
                -48.529581851709246,
                -20.713244978076123
              ]
            ]
          ]
        ]
      }
    },
    {
      "type": "Feature",
      "properties": {
        "ANO ENTRADA": 2024,
        "ÁREA TOTAL DA GLEBA/M²": 20000,
        "DATA DO CERTIFICADO": "2024-09-24",
        "EXPEDIENTE DISPENSA": "491/2024-D",
        "LOCALIZAÇÃO/ENDEREÇO": "RUA OCTACÍLIO NOGUEIRA",
        "MUNICIPIO": "PRATANIA",
        "Nº DE UNIDADES HABITACIONAIS": 31,
        "PROPRIETARIO": "GILBERTO JOSÉ PASCOTO E OUTRA",
        "SITUAÇÃO": "DISPENSADO",
        "TIPOLOGIA DA CONSTRUÇÃO": null
      },
      "geometry": {
        "type": "MultiPolygon",
        "coordinates": [
          [
            [
              [
                -48.66556796915893,
                -22.816050557041788
              ],
              [
                -48.663761296116654,
                -22.815880682571716
              ],
              [
                -48.663596092147834,
                -22.816696537397473
              ],
              [
                -48.66534287819093,
                -22.817184999193973
              ],
              [
                -48.66542894343271,
                -22.817161869973745
              ],
              [
                -48.66556796915893,
                -22.816050557041788
              ]
            ]
          ]
        ]
      }
    },
    {
      "type": "Feature",
      "properties": {
        "ANO ENTRADA": 2024,
        "ÁREA TOTAL DA GLEBA/M²": 9408.73,
        "DATA DO CERTIFICADO": "2024-11-19",
        "EXPEDIENTE DISPENSA": "507/2024-D",
        "LOCALIZAÇÃO/ENDEREÇO": "RUA 4, BAIRRO CHÁCARA SANTA LÚCIA",
        "MUNICIPIO": "ARAMINA",
        "Nº DE UNIDADES HABITACIONAIS": 27,
        "PROPRIETARIO": "HÉVIO CAGLIARI",
        "SITUAÇÃO": "DISPENSADO",
        "TIPOLOGIA DA CONSTRUÇÃO": null
      },
      "geometry": {
        "type": "MultiPolygon",
        "coordinates": [
          [
            [
              [
                -47.78450598324184,
                -20.086594580552216
              ],
              [
                -47.78387548831497,
                -20.087384630519487
              ],
              [
                -47.78384428284829,
                -20.08744220344788
              ],
              [
                -47.78384428284829,
                -20.08744220344788
              ],
              [
                -47.78389046047265,
                -20.087548025223274
              ],
              [
                -47.78436368810268,
                -20.08788684639364
              ],
              [
                -47.78446804827565,
                -20.08786617256883
              ],
              [
                -47.78454757500026,
                -20.087807836928782
              ],
              [
                -47.78506325254935,
                -20.087358274898815
              ],
              [
                -47.78508069522054,
                -20.087205784853573
              ],
              [
                -47.78464363285506,
                -20.08663426726128
              ],
              [
                -47.78459430279692,
                -20.086577965251045
              ],
              [
                -47.78450598324184,
                -20.086594580552216
              ]
            ]
          ]
        ]
      }
    },
    {
      "type": "Feature",
      "properties": {
        "ANO ENTRADA": 2024,
        "ÁREA TOTAL DA GLEBA/M²": 92786.24,
        "DATA DO CERTIFICADO": "2024-11-19",
        "EXPEDIENTE DISPENSA": "569/2024-D",
        "LOCALIZAÇÃO/ENDEREÇO": "AV. 31 DE MARÇO, BAIRRO DO JUQUIÁ",
        "MUNICIPIO": "JUQUITIBA",
        "Nº DE UNIDADES HABITACIONAIS": 3,
        "PROPRIETARIO": "COSME CARDOSO DOS SANTOS",
        "SITUAÇÃO": "DISPENSADO",
        "TIPOLOGIA DA CONSTRUÇÃO": null
      },
      "geometry": {
        "type": "MultiPolygon",
        "coordinates": [
          [
            [
              [
                -47.08269508298487,
                -23.916998571097434
              ],
              [
                -47.082811842206574,
                -23.91646139283429
              ],
              [
                -47.08283254901004,
                -23.91637297616528
              ],
              [
                -47.08292677179522,
                -23.916270003657
              ],
              [
                -47.083014490860485,
                -23.916221356798946
              ],
              [
                -47.083131268297116,
                -23.91614519721901
              ],
              [
                -47.08329955016673,
                -23.916061559639097
              ],
              [
                -47.08344538561179,
                -23.915957887133914
              ],
              [
                -47.08361355826763,
                -23.915867471021848
              ],
              [
                -47.08373055252571,
                -23.915804867462356
              ],
              [
                -47.08399425144436,
                -23.915692816569926
              ],
              [
                -47.084214036433124,
                -23.915601699908123
              ],
              [
                -47.084345885511084,
                -23.915545674127014
              ],
              [
                -47.08455873187172,
                -23.915481769864055
              ],
              [
                -47.08494214291905,
                -23.915476568516365
              ],
              [
                -47.08519283469867,
                -23.91547316711876
              ],
              [
                -47.08549633674086,
                -23.91554362518996
              ],
              [
                -47.08578639883069,
                -23.915695621282776
              ],
              [
                -47.08598874403661,
                -23.915896265290144
              ],
              [
                -47.08599796821747,
                -23.91601139471339
              ],
              [
                -47.08594181239718,
                -23.916188428776596
              ],
              [
                -47.085892812032995,
                -23.91635180632889
              ],
              [
                -47.08582201813791,
                -23.916535818736786
              ],
              [
                -47.08571479274167,
                -23.916747444339425
              ],
              [
                -47.08559205826724,
                -23.916911822579355
              ],
              [
                -47.08550640808373,
                -23.917089256816954
              ],
              [
                -47.08539841981805,
                -23.91725343479695
              ],
              [
                -47.085356029917776,
                -23.91736926471164
              ],
              [
                -47.08540938530116,
                -23.91747701559025
              ],
              [
                -47.08540938530116,
                -23.91747701559025
              ],
              [
                -47.085587870943144,
                -23.917569508816243
              ],
              [
                -47.08584009091063,
                -23.91766100096634
              ],
              [
                -47.08605500859581,
                -23.91772588034944
              ],
              [
                -47.086815961095965,
                -23.91734944543614
              ],
              [
                -47.086703181931995,
                -23.917215383336057
              ],
              [
                -47.086208185436924,
                -23.917161087170783
              ],
              [
                -47.08687727734964,
                -23.916575729093992
              ],
              [
                -47.08776149773441,
                -23.91744507676636
              ],
              [
                -47.087410952784325,
                -23.917660009073686
              ],
              [
                -47.08702310381079,
                -23.917848328580387
              ],
              [
                -47.0867731702178,
                -23.917899180689716
              ],
              [
                -47.086428470995564,
                -23.918019115972328
              ],
              [
                -47.08608951115498,
                -23.918037277360018
              ],
              [
                -47.085691999189386,
                -23.91808335149049
              ],
              [
                -47.08530814523309,
                -23.918061442409847
              ],
              [
                -47.084507135482426,
                -23.91778078405062
              ],
              [
                -47.08394447104377,
                -23.917646042309425
              ],
              [
                -47.08363704923758,
                -23.917331565717884
              ],
              [
                -47.08355333173867,
                -23.91716998829213
              ],
              [
                -47.08269508298487,
                -23.916998571097434
              ]
            ]
          ]
        ]
      }
    },
    {
      "type": "Feature",
      "properties": {
        "ANO ENTRADA": 2024,
        "ÁREA TOTAL DA GLEBA/M²": 9225.99,
        "DATA DO CERTIFICADO": "2024-12-03",
        "EXPEDIENTE DISPENSA": "677/2024-D",
        "LOCALIZAÇÃO/ENDEREÇO": "RUA SEBASTIÃO MENDONÇA ADOLFO, ESQUINA COM A ESTRADA GERMINIO BIBIANO GUIMARÃES",
        "MUNICIPIO": "JOSE BONIFACIO",
        "Nº DE UNIDADES HABITACIONAIS": 6,
        "PROPRIETARIO": "SINÉSIO PONTE GIMENES E OUTROS",
        "SITUAÇÃO": "DISPENSADO",
        "TIPOLOGIA DA CONSTRUÇÃO": null
      },
      "geometry": {
        "type": "MultiPolygon",
        "coordinates": [
          [
            [
              [
                -49.67521390170836,
                -21.060134226260903
              ],
              [
                -49.674760551409896,
                -21.05976623826905
              ],
              [
                -49.67414267988949,
                -21.060099089861346
              ],
              [
                -49.67380271351335,
                -21.060245443562646
              ],
              [
                -49.67360306887717,
                -21.060342267809922
              ],
              [
                -49.67350324644794,
                -21.06039067986292
              ],
              [
                -49.67339544290029,
                -21.060443116893584
              ],
              [
                -49.67334529126627,
                -21.06052440362909
              ],
              [
                -49.67330073629663,
                -21.06065500027117
              ],
              [
                -49.67343533870388,
                -21.060681728030712
              ],
              [
                -49.67356959336015,
                -21.06043831447488
              ],
              [
                -49.67379996794164,
                -21.06041674157105
              ],
              [
                -49.67454610987215,
                -21.06081470578069
              ],
              [
                -49.67521390170836,
                -21.060134226260903
              ]
            ]
          ]
        ]
      }
    },
    {
      "type": "Feature",
      "properties": {
        "ANO ENTRADA": 2024,
        "ÁREA TOTAL DA GLEBA/M²": 59450.31,
        "DATA DO CERTIFICADO": "2024-05-28",
        "EXPEDIENTE DISPENSA": "244/2024-D",
        "LOCALIZAÇÃO/ENDEREÇO": "AV. NOSSA SENHORA DO SABARÁ, AV. MIGUEL YUNES, RUA JOSÉ MARTINS COELHO, RUA ALBERTINA MALLAN ZAFFIA E RUA JOAQUIM GONÇALVES DA SILVA, S/N.°, SANTO AMARO",
        "MUNICIPIO": "SAO PAULO",
        "Nº DE UNIDADES HABITACIONAIS": 5,
        "PROPRIETARIO": "PLANO GUAPORÉ EMPREENDIMENTOS IMOBILIÁRIOS LTDA",
        "SITUAÇÃO": "DISPENSADO",
        "TIPOLOGIA DA CONSTRUÇÃO": null
      },
      "geometry": {
        "type": "MultiPolygon",
        "coordinates": [
          [
            [
              [
                -46.67799635512413,
                -23.692468667648814
              ],
              [
                -46.6790252753045,
                -23.6936384218019
              ],
              [
                -46.68011959395448,
                -23.692926239821723
              ],
              [
                -46.68165703327469,
                -23.69421403837988
              ],
              [
                -46.678265444314334,
                -23.69485503670014
              ],
              [
                -46.67792305573979,
                -23.69489994339059
              ],
              [
                -46.677670123081,
                -23.694943879740688
              ],
              [
                -46.67749015785398,
                -23.694863441097915
              ],
              [
                -46.677412628219976,
                -23.694630845277935
              ],
              [
                -46.67752944627454,
                -23.694437337786972
              ],
              [
                -46.677778166146815,
                -23.694063890607293
              ],
              [
                -46.67799320494319,
                -23.693388714503897
              ],
              [
                -46.67799635512413,
                -23.692468667648814
              ]
            ]
          ]
        ]
      }
    },
    {
      "type": "Feature",
      "properties": {
        "ANO ENTRADA": 2024,
        "ÁREA TOTAL DA GLEBA/M²": 32980.26,
        "DATA DO CERTIFICADO": "2024-12-10",
        "EXPEDIENTE DISPENSA": "513/2024-D",
        "LOCALIZAÇÃO/ENDEREÇO": "ESTRADA YOLANDA DO PRADO CHAMA, BAIRRO TERRA PRETA",
        "MUNICIPIO": "MAIRIPORA",
        "Nº DE UNIDADES HABITACIONAIS": 9,
        "PROPRIETARIO": "SOCIEDADE CONDE DE IMÓVEIS LTDA",
        "SITUAÇÃO": "DISPENSADO",
        "TIPOLOGIA DA CONSTRUÇÃO": null
      },
      "geometry": {
        "type": "MultiPolygon",
        "coordinates": [
          [
            [
              [
                -46.60672740258023,
                -23.25704074152459
              ],
              [
                -46.60663126054467,
                -23.257747328224365
              ],
              [
                -46.606717952265875,
                -23.25799775163655
              ],
              [
                -46.60668981633191,
                -23.25826868173283
              ],
              [
                -46.60687948632687,
                -23.258382730047387
              ],
              [
                -46.60703638608137,
                -23.258381124082756
              ],
              [
                -46.60723674829308,
                -23.25851439407387
              ],
              [
                -46.60754008805043,
                -23.2585112883609
              ],
              [
                -46.60738982325559,
                -23.25819385587517
              ],
              [
                -46.60734531764521,
                -23.257971998378302
              ],
              [
                -46.60672740258023,
                -23.25704074152459
              ]
            ]
          ]
        ]
      }
    },
    {
      "type": "Feature",
      "properties": {
        "ANO ENTRADA": 2024,
        "ÁREA TOTAL DA GLEBA/M²": 21669.54,
        "DATA DO CERTIFICADO": "2024-12-17",
        "EXPEDIENTE DISPENSA": "712/2024-D",
        "LOCALIZAÇÃO/ENDEREÇO": "RUA FARID MIGUEL HADDAD, BAIRRO DO SACOMÃ, IPIRANGA",
        "MUNICIPIO": "SAO PAULO",
        "Nº DE UNIDADES HABITACIONAIS": 5,
        "PROPRIETARIO": "COMPANHIA DE DESENVOLVIMENTOS HABITACIONAL E URBANO DO ESTADO DE SÃO PAULO-CDHU",
        "SITUAÇÃO": "DISPENSADO",
        "TIPOLOGIA DA CONSTRUÇÃO": null
      },
      "geometry": {
        "type": "MultiPolygon",
        "coordinates": [
          [
            [
              [
                -46.604405008047344,
                -23.653080198559707
              ],
              [
                -46.604203487062726,
                -23.653180855583578
              ],
              [
                -46.602871902755645,
                -23.64974464141243
              ],
              [
                -46.60360160058333,
                -23.649545139855327
              ],
              [
                -46.604405008047344,
                -23.653080198559707
              ]
            ]
          ]
        ]
      }
    },
    {
      "type": "Feature",
      "properties": {
        "ANO ENTRADA": 2024,
        "ÁREA TOTAL DA GLEBA/M²": 39859.3,
        "DATA DO CERTIFICADO": "2024-12-17",
        "EXPEDIENTE DISPENSA": "347/2024-D",
        "LOCALIZAÇÃO/ENDEREÇO": "AV. PREFEITO NICO LANZI, S/N°, IMÓVEL ÁREA 01 - CACHOEIRA DE BAIXO - REMANESCENTE",
        "MUNICIPIO": "MOGI GUACU",
        "Nº DE UNIDADES HABITACIONAIS": 13,
        "PROPRIETARIO": "CACHOEIRA DE BAIXO MOGI GUAÇU SPE LTDA.",
        "SITUAÇÃO": "DISPENSADO",
        "TIPOLOGIA DA CONSTRUÇÃO": null
      },
      "geometry": {
        "type": "MultiPolygon",
        "coordinates": [
          [
            [
              [
                -46.95714569650139,
                -22.37976201783556
              ],
              [
                -46.95686456474287,
                -22.37912532287725
              ],
              [
                -46.95666501720577,
                -22.379180282153005
              ],
              [
                -46.956628133923566,
                -22.379113852566025
              ],
              [
                -46.956433788522354,
                -22.379173525472044
              ],
              [
                -46.9562316159497,
                -22.377938768909498
              ],
              [
                -46.95642269439158,
                -22.378012887395677
              ],
              [
                -46.9565877620284,
                -22.37806343606977
              ],
              [
                -46.95685046930148,
                -22.37811758022636
              ],
              [
                -46.957087432895094,
                -22.378167258582337
              ],
              [
                -46.95732392890677,
                -22.37818350436555
              ],
              [
                -46.95759610549024,
                -22.378180210632145
              ],
              [
                -46.957940177702284,
                -22.37817604620143
              ],
              [
                -46.95814499230067,
                -22.378130575372758
              ],
              [
                -46.958349873597754,
                -22.378089880321415
              ],
              [
                -46.95857996373065,
                -22.378015441926674
              ],
              [
                -46.95868713844399,
                -22.377966375822865
              ],
              [
                -46.959141623372886,
                -22.378878024194236
              ],
              [
                -46.95844308401168,
                -22.379244746222916
              ],
              [
                -46.958161369954354,
                -22.37930070217288
              ],
              [
                -46.95802271290225,
                -22.379302380733545
              ],
              [
                -46.95792614204124,
                -22.37937520229234
              ],
              [
                -46.95789086230235,
                -22.379423397716305
              ],
              [
                -46.95774380561403,
                -22.379558929167672
              ],
              [
                -46.95714569650139,
                -22.37976201783556
              ]
            ]
          ]
        ]
      }
    },
    {
      "type": "Feature",
      "properties": {
        "ANO ENTRADA": 2024,
        "ÁREA TOTAL DA GLEBA/M²": 23841,
        "DATA DO CERTIFICADO": "2025-01-21",
        "EXPEDIENTE DISPENSA": "724/2024-D",
        "LOCALIZAÇÃO/ENDEREÇO": "RUA QUATORZE DE JULHO, S/N°",
        "MUNICIPIO": "POPULINA",
        "Nº DE UNIDADES HABITACIONAIS": 21,
        "PROPRIETARIO": "IRMÃOS CLEMENTE LOTEAMENTO LTDA.",
        "SITUAÇÃO": "DISPENSADO",
        "TIPOLOGIA DA CONSTRUÇÃO": null
      },
      "geometry": {
        "type": "MultiPolygon",
        "coordinates": [
          [
            [
              [
                -50.541293104154725,
                -19.944223926281154
              ],
              [
                -50.54224474663759,
                -19.944287939646784
              ],
              [
                -50.54241749100525,
                -19.942138590665195
              ],
              [
                -50.54141725800808,
                -19.942102895434303
              ],
              [
                -50.541293104154725,
                -19.944223926281154
              ]
            ]
          ]
        ]
      }
    },
    {
      "type": "Feature",
      "properties": {
        "ANO ENTRADA": 2025,
        "ÁREA TOTAL DA GLEBA/M²": 6753.46,
        "DATA DO CERTIFICADO": "2025-02-11",
        "EXPEDIENTE DISPENSA": "8/2025-D",
        "LOCALIZAÇÃO/ENDEREÇO": "RUA ADHOLFO SCHWENGER, S/N°, JARDIM DAS PALMEIRAS",
        "MUNICIPIO": "LEME",
        "Nº DE UNIDADES HABITACIONAIS": 7,
        "PROPRIETARIO": "VLAMIR MARCHETO E ADRIANA PÉCORA DE CASTRO MARCHETO ",
        "SITUAÇÃO": "DISPENSADO",
        "TIPOLOGIA DA CONSTRUÇÃO": null
      },
      "geometry": {
        "type": "MultiPolygon",
        "coordinates": [
          [
            [
              [
                -47.385301037261094,
                -22.164846634696367
              ],
              [
                -47.385464182495205,
                -22.16423387871833
              ],
              [
                -47.38636245655919,
                -22.164332081253484
              ],
              [
                -47.386557248920546,
                -22.16496284810981
              ],
              [
                -47.385301037261094,
                -22.164846634696367
              ]
            ]
          ]
        ]
      }
    },
    {
      "type": "Feature",
      "properties": {
        "ANO ENTRADA": 2025,
        "ÁREA TOTAL DA GLEBA/M²": 23318.08,
        "DATA DO CERTIFICADO": "2025-03-11",
        "EXPEDIENTE DISPENSA": "161/2025-D",
        "LOCALIZAÇÃO/ENDEREÇO": "RUA QUINTINO BOCAIÚVA E AV. HERMENEGILDO LOPES PEDROSO",
        "MUNICIPIO": "ADAMANTINA",
        "Nº DE UNIDADES HABITACIONAIS": 7,
        "PROPRIETARIO": "SIDNEI ALZIDIO PINTO e SÔNIA TERRAZ PINTO",
        "SITUAÇÃO": "DISPENSADO",
        "TIPOLOGIA DA CONSTRUÇÃO": null
      },
      "geometry": {
        "type": "MultiPolygon",
        "coordinates": [
          [
            [
              [
                -51.062905125190305,
                -21.679310548219718
              ],
              [
                -51.06267264756947,
                -21.678972204433105
              ],
              [
                -51.06156639871061,
                -21.679644662799305
              ],
              [
                -51.06072429082837,
                -21.678446378484676
              ],
              [
                -51.05999778667102,
                -21.679009687697565
              ],
              [
                -51.06097396330121,
                -21.680560123559733
              ],
              [
                -51.062905125190305,
                -21.679310548219718
              ]
            ]
          ]
        ]
      }
    },
    {
      "type": "Feature",
      "properties": {
        "ANO ENTRADA": 2025,
        "ÁREA TOTAL DA GLEBA/M²": 14892.44,
        "DATA DO CERTIFICADO": "2025-04-08",
        "EXPEDIENTE DISPENSA": "143/2025-D",
        "LOCALIZAÇÃO/ENDEREÇO": "AVENIDA SANTO ANTÔNIO DA ALEGRIA",
        "MUNICIPIO": "CAJURU",
        "Nº DE UNIDADES HABITACIONAIS": 20,
        "PROPRIETARIO": "JARDIM COMERCIAL MONTE LÍBANO SPE LTDA.",
        "SITUAÇÃO": "DISPENSADO",
        "TIPOLOGIA DA CONSTRUÇÃO": null
      },
      "geometry": {
        "type": "MultiPolygon",
        "coordinates": [
          [
            [
              [
                -47.30114043648982,
                -21.267640321360716
              ],
              [
                -47.30212588958043,
                -21.26830260376977
              ],
              [
                -47.302586726121575,
                -21.26837465172055
              ],
              [
                -47.30254360007162,
                -21.268065114924916
              ],
              [
                -47.3024726915783,
                -21.267984472105617
              ],
              [
                -47.30238043448431,
                -21.26787474069238
              ],
              [
                -47.30235463905964,
                -21.26778368763203
              ],
              [
                -47.30231687450846,
                -21.26759486351105
              ],
              [
                -47.30224538622668,
                -21.267253069357825
              ],
              [
                -47.30221842321065,
                -21.26708694896234
              ],
              [
                -47.30220760052629,
                -21.266838995704056
              ],
              [
                -47.30221403516258,
                -21.266581013086014
              ],
              [
                -47.30221876496563,
                -21.26643731089885
              ],
              [
                -47.301971143288206,
                -21.266414579414977
              ],
              [
                -47.30194018249833,
                -21.266663103790304
              ],
              [
                -47.30114043648982,
                -21.267640321360716
              ]
            ]
          ]
        ]
      }
    },
    {
      "type": "Feature",
      "properties": {
        "ANO ENTRADA": 2025,
        "ÁREA TOTAL DA GLEBA/M²": 39593.95,
        "DATA DO CERTIFICADO": "2025-04-15",
        "EXPEDIENTE DISPENSA": "160/2025-D",
        "LOCALIZAÇÃO/ENDEREÇO": "RUA IONEJI MATSUBAYASHI, S/N°, JOSÉ BONIFÁCIO, DISTRITO JOSÉ BONIFÁCIO",
        "MUNICIPIO": "SAO PAULO",
        "Nº DE UNIDADES HABITACIONAIS": 2,
        "PROPRIETARIO": "PLANO CONGO EMPREENDIMENTOS IMOBILIÁRIOS LTDA",
        "SITUAÇÃO": "DISPENSADO",
        "TIPOLOGIA DA CONSTRUÇÃO": null
      },
      "geometry": {
        "type": "MultiPolygon",
        "coordinates": [
          [
            [
              [
                -46.43756814195164,
                -23.565678848612748
              ],
              [
                -46.4387242416185,
                -23.56508428343909
              ],
              [
                -46.438489150342924,
                -23.564706443339528
              ],
              [
                -46.43869771594327,
                -23.56459364264761
              ],
              [
                -46.43844458828231,
                -23.564171345153724
              ],
              [
                -46.4381954881017,
                -23.56436017746782
              ],
              [
                -46.43805112320144,
                -23.56442681620914
              ],
              [
                -46.4378822126153,
                -23.5644710119732
              ],
              [
                -46.437538206412945,
                -23.565683906381697
              ],
              [
                -46.43756814195164,
                -23.565678848612748
              ]
            ]
          ]
        ]
      }
    },
    {
      "type": "Feature",
      "properties": {
        "ANO ENTRADA": 2025,
        "ÁREA TOTAL DA GLEBA/M²": 7472.95,
        "DATA DO CERTIFICADO": "2025-05-20",
        "EXPEDIENTE DISPENSA": "307/2025-D",
        "LOCALIZAÇÃO/ENDEREÇO": "RUA SILVIO BARREIROS DA MOTTA, RUA MESSIAS DO NASCIMENTO, ÁREA A",
        "MUNICIPIO": "PIRAJU",
        "Nº DE UNIDADES HABITACIONAIS": 25,
        "PROPRIETARIO": "LOTEAMENTO ALTO DE SANTA MARIA II SPE LTDA",
        "SITUAÇÃO": "DISPENSADO",
        "TIPOLOGIA DA CONSTRUÇÃO": null
      },
      "geometry": {
        "type": "MultiPolygon",
        "coordinates": [
          [
            [
              [
                -49.38120006562418,
                -23.17626253402435
              ],
              [
                -49.381618170395605,
                -23.17638706473664
              ],
              [
                -49.38127068601273,
                -23.17708505076411
              ],
              [
                -49.38118773691215,
                -23.177227231407084
              ],
              [
                -49.38113574937574,
                -23.17746424807782
              ],
              [
                -49.3808745883749,
                -23.178001555333957
              ],
              [
                -49.38072503923759,
                -23.17854311247793
              ],
              [
                -49.380707650136976,
                -23.17874235722622
              ],
              [
                -49.38044684461119,
                -23.178558229038764
              ],
              [
                -49.38075749762321,
                -23.177585215104035
              ],
              [
                -49.38099575258251,
                -23.177077992562346
              ],
              [
                -49.38113470620522,
                -23.17645575457101
              ],
              [
                -49.38120006562418,
                -23.17626253402435
              ]
            ]
          ]
        ]
      }
    },
    {
      "type": "Feature",
      "properties": {
        "ANO ENTRADA": 2025,
        "ÁREA TOTAL DA GLEBA/M²": 20055.5,
        "DATA DO CERTIFICADO": "2025-06-03",
        "EXPEDIENTE DISPENSA": "347/2025-D",
        "LOCALIZAÇÃO/ENDEREÇO": "RUA BARRA FUNDA, N° 930, 1.020, 1.028, 1.030, 1.032 E 1.038, BAIRRO BARRA FUNDA, DISTRITO SANTA CECÍLIA",
        "MUNICIPIO": "SAO PAULO",
        "Nº DE UNIDADES HABITACIONAIS": 2,
        "PROPRIETARIO": "FUNDO DE INVESTIMENTO IMOBILIÁRIO DO ESTADO DE SÃO PAULO",
        "SITUAÇÃO": "DISPENSADO",
        "TIPOLOGIA DA CONSTRUÇÃO": null
      },
      "geometry": {
        "type": "MultiPolygon",
        "coordinates": [
          [
            [
              [
                -46.65958903717266,
                -23.5264461044101
              ],
              [
                -46.659742783771854,
                -23.526634304964215
              ],
              [
                -46.65885397772029,
                -23.52722446955025
              ],
              [
                -46.658069562557614,
                -23.52793077143743
              ],
              [
                -46.657216421694066,
                -23.5270185751608
              ],
              [
                -46.65958903717266,
                -23.5264461044101
              ]
            ]
          ]
        ]
      }
    },
    {
      "type": "Feature",
      "properties": {
        "ANO ENTRADA": 2025,
        "ÁREA TOTAL DA GLEBA/M²": 36716.53,
        "DATA DO CERTIFICADO": "2025-06-10",
        "EXPEDIENTE DISPENSA": "351/2025-D",
        "LOCALIZAÇÃO/ENDEREÇO": "RUA DOS CARIRIS NOVOS, S/N°, GLEBA 2, RUA JOÃO JOSÉ DA SILVA, BAIRRO JARDIM SANTA EMÍLIA",
        "MUNICIPIO": "SAO PAULO",
        "Nº DE UNIDADES HABITACIONAIS": 3,
        "PROPRIETARIO": "MMH EMPREENDIMENTOS IMOBILIÁRIOS E COMERCIAIS LTDA",
        "SITUAÇÃO": "DISPENSADO",
        "TIPOLOGIA DA CONSTRUÇÃO": null
      },
      "geometry": {
        "type": "MultiPolygon",
        "coordinates": [
          [
            [
              [
                -46.601197430362454,
                -23.647640948410512
              ],
              [
                -46.60231357566813,
                -23.64908545011274
              ],
              [
                -46.602404249173695,
                -23.64916712469179
              ],
              [
                -46.602900194734175,
                -23.648776475128248
              ],
              [
                -46.60340679778106,
                -23.648647318045732
              ],
              [
                -46.603066785704506,
                -23.647115630782558
              ],
              [
                -46.60245407846646,
                -23.64650926065556
              ],
              [
                -46.601197430362454,
                -23.647640948410512
              ]
            ]
          ]
        ]
      }
    },
    {
      "type": "Feature",
      "properties": {
        "ANO ENTRADA": 2025,
        "ÁREA TOTAL DA GLEBA/M²": 29918.21,
        "DATA DO CERTIFICADO": "2025-07-01",
        "EXPEDIENTE DISPENSA": "419/2025-D",
        "LOCALIZAÇÃO/ENDEREÇO": "AV. CONDESSA ELISABETH DE ROBIANO, N° 5.748 - 5.808, JD. AMÉRICA DA PENHA, DISTRITO PENHA",
        "MUNICIPIO": "SAO PAULO",
        "Nº DE UNIDADES HABITACIONAIS": 3,
        "PROPRIETARIO": "CBR MAGIK LZ 16 EMPREENDIMENTOS IMOBILIÁRIOS LTDA.",
        "SITUAÇÃO": "DISPENSADO",
        "TIPOLOGIA DA CONSTRUÇÃO": null
      },
      "geometry": {
        "type": "MultiPolygon",
        "coordinates": [
          [
            [
              [
                -46.554059179039825,
                -23.509834715509996
              ],
              [
                -46.55333936859377,
                -23.509263389373363
              ],
              [
                -46.55328523598429,
                -23.509219428714914
              ],
              [
                -46.552343512981395,
                -23.509841939886986
              ],
              [
                -46.55224185450906,
                -23.51031762701226
              ],
              [
                -46.55286769010856,
                -23.511562349526706
              ],
              [
                -46.553893204232246,
                -23.511225780546845
              ],
              [
                -46.553632413177105,
                -23.51047681666304
              ],
              [
                -46.55378428892632,
                -23.510168741274725
              ],
              [
                -46.55412432445311,
                -23.509903288532403
              ],
              [
                -46.554059179039825,
                -23.509834715509996
              ]
            ]
          ]
        ]
      }
    },
    {
      "type": "Feature",
      "properties": {
        "ANO ENTRADA": 2025,
        "ÁREA TOTAL DA GLEBA/M²": 5313.21,
        "DATA DO CERTIFICADO": "2025-01-28",
        "EXPEDIENTE DISPENSA": "52/2025-D",
        "LOCALIZAÇÃO/ENDEREÇO": "AV. FELICIO RODRIGUES SOBRINHO, S/N.°, CENTRO",
        "MUNICIPIO": "COSMORAMA",
        "Nº DE UNIDADES HABITACIONAIS": 19,
        "PROPRIETARIO": "MARCELO RIGAMONTE FROTA E OUTRA",
        "SITUAÇÃO": "DISPENSADO",
        "TIPOLOGIA DA CONSTRUÇÃO": null
      },
      "geometry": {
        "type": "MultiPolygon",
        "coordinates": [
          [
            [
              [
                -49.77584504757999,
                -20.472307310203192
              ],
              [
                -49.775686506765474,
                -20.47363522231201
              ],
              [
                -49.77608790333481,
                -20.473490598913035
              ],
              [
                -49.7761709800899,
                -20.47367652144309
              ],
              [
                -49.776259405833954,
                -20.473619444220354
              ],
              [
                -49.77622443915052,
                -20.47332291313942
              ],
              [
                -49.776043195901934,
                -20.47267220330634
              ],
              [
                -49.775932490926046,
                -20.472426328340543
              ],
              [
                -49.77584504757999,
                -20.472307310203192
              ]
            ]
          ]
        ]
      }
    },
    {
      "type": "Feature",
      "properties": {
        "ANO ENTRADA": 2025,
        "ÁREA TOTAL DA GLEBA/M²": 24153.4,
        "DATA DO CERTIFICADO": "2025-07-22",
        "EXPEDIENTE DISPENSA": "401/2025-D",
        "LOCALIZAÇÃO/ENDEREÇO": "AV. PAULO D' ELBOUX GUIMARÃES, S/N°, GLEBA 6B, BAIRRO CAJU",
        "MUNICIPIO": "BROTAS",
        "Nº DE UNIDADES HABITACIONAIS": 10,
        "PROPRIETARIO": "ALCIDES APARECIDO PASQUALOTTI",
        "SITUAÇÃO": "DISPENSADO",
        "TIPOLOGIA DA CONSTRUÇÃO": null
      },
      "geometry": {
        "type": "MultiPolygon",
        "coordinates": [
          [
            [
              [
                -48.123088869628106,
                -22.2906372849975
              ],
              [
                -48.1222483420015,
                -22.29075537357807
              ],
              [
                -48.12272787521181,
                -22.29311536572449
              ],
              [
                -48.12298113733211,
                -22.29367094979158
              ],
              [
                -48.12351565819772,
                -22.29357913161668
              ],
              [
                -48.123088869628106,
                -22.2906372849975
              ]
            ]
          ]
        ]
      }
    },
    {
      "type": "Feature",
      "properties": {
        "ANO ENTRADA": 2025,
        "ÁREA TOTAL DA GLEBA/M²": 1837.95,
        "DATA DO CERTIFICADO": "2025-07-29",
        "EXPEDIENTE DISPENSA": "392/2025-D",
        "LOCALIZAÇÃO/ENDEREÇO": "AV. VICENTE JOSÉ TRINDADE",
        "MUNICIPIO": "BURITAMA",
        "Nº DE UNIDADES HABITACIONAIS": 7,
        "PROPRIETARIO": "CARLOS ALBERTO TEIXEIRA ROSA",
        "SITUAÇÃO": "DISPENSADO",
        "TIPOLOGIA DA CONSTRUÇÃO": null
      },
      "geometry": {
        "type": "MultiPolygon",
        "coordinates": [
          [
            [
              [
                -50.13907646012655,
                -21.076376965911884
              ],
              [
                -50.13883129708516,
                -21.076359892728913
              ],
              [
                -50.13895105838667,
                -21.07563194186036
              ],
              [
                -50.13913393396682,
                -21.07563307658303
              ],
              [
                -50.13907646012655,
                -21.076376965911884
              ]
            ]
          ]
        ]
      }
    },
    {
      "type": "Feature",
      "properties": {
        "ANO ENTRADA": 2025,
        "ÁREA TOTAL DA GLEBA/M²": 38977.27,
        "DATA DO CERTIFICADO": "2025-07-29",
        "EXPEDIENTE DISPENSA": "529/2025-D",
        "LOCALIZAÇÃO/ENDEREÇO": "AV. DO RIO BONITO, RUA OLÍVIA GUEDES PENTEADO, BAIRRO VELEIROS, DISTRITO SOCORRO",
        "MUNICIPIO": "SAO PAULO",
        "Nº DE UNIDADES HABITACIONAIS": 3,
        "PROPRIETARIO": "TUPI INCOPORADORA LTDA.",
        "SITUAÇÃO": "DISPENSADO",
        "TIPOLOGIA DA CONSTRUÇÃO": null
      },
      "geometry": {
        "type": "MultiPolygon",
        "coordinates": [
          [
            [
              [
                -46.712233412007464,
                -23.675512537424755
              ],
              [
                -46.7082883727847,
                -23.675803892006204
              ],
              [
                -46.70790393567947,
                -23.67660745454233
              ],
              [
                -46.70851752380026,
                -23.67674056807066
              ],
              [
                -46.70865223424761,
                -23.676755068326827
              ],
              [
                -46.70875683306399,
                -23.67678988376406
              ],
              [
                -46.708861379949646,
                -23.676820703089618
              ],
              [
                -46.708957457230895,
                -23.676867602248254
              ],
              [
                -46.70900973071863,
                -23.676883011849167
              ],
              [
                -46.70900973071863,
                -23.676883011849167
              ],
              [
                -46.709439999419686,
                -23.67693421566369
              ],
              [
                -46.70988481484545,
                -23.67676944072772
              ],
              [
                -46.710183806228954,
                -23.67706988161861
              ],
              [
                -46.710504721230215,
                -23.677054347618775
              ],
              [
                -46.71107202930872,
                -23.676632433420668
              ],
              [
                -46.71146279777295,
                -23.676316380114756
              ],
              [
                -46.71167784468163,
                -23.676501844049117
              ],
              [
                -46.71182925010301,
                -23.676132482714586
              ],
              [
                -46.712233412007464,
                -23.675512537424755
              ]
            ]
          ]
        ]
      }
    },
    {
      "type": "Feature",
      "properties": {
        "ANO ENTRADA": 2025,
        "ÁREA TOTAL DA GLEBA/M²": 7191.03,
        "DATA DO CERTIFICADO": "2025-08-05",
        "EXPEDIENTE DISPENSA": "561/2025-D",
        "LOCALIZAÇÃO/ENDEREÇO": "AV. DOUTOR DURVAL NICOLAU, JARDIM NOVA SÃO JOÃO",
        "MUNICIPIO": "SAO JOAO DA BOA VISTA",
        "Nº DE UNIDADES HABITACIONAIS": 7,
        "PROPRIETARIO": "CONDOMÍNIO SERRA DO PRATA LTDA.",
        "SITUAÇÃO": "DISPENSADO",
        "TIPOLOGIA DA CONSTRUÇÃO": null
      },
      "geometry": {
        "type": "MultiPolygon",
        "coordinates": [
          [
            [
              [
                -46.760906663927415,
                -21.967814165348983
              ],
              [
                -46.760907443522186,
                -21.967614950449356
              ],
              [
                -46.76087769243461,
                -21.967563958823046
              ],
              [
                -46.76084500363695,
                -21.967537144950697
              ],
              [
                -46.76079933607743,
                -21.967507452010008
              ],
              [
                -46.76076047416926,
                -21.967504850584877
              ],
              [
                -46.760673379013646,
                -21.967526912754366
              ],
              [
                -46.760392680998855,
                -21.96759330718025
              ],
              [
                -46.76026698414894,
                -21.967633892800322
              ],
              [
                -46.760160290475994,
                -21.96764107346073
              ],
              [
                -46.76007300916491,
                -21.96764804590749
              ],
              [
                -46.760037122280565,
                -21.96762428443978
              ],
              [
                -46.75920015958081,
                -21.967452159340358
              ],
              [
                -46.758947090866705,
                -21.967660114526968
              ],
              [
                -46.758955048378766,
                -21.967780760583977
              ],
              [
                -46.75903935465794,
                -21.967794948586942
              ],
              [
                -46.75913987513054,
                -21.967811981066383
              ],
              [
                -46.759240246926154,
                -21.96781694194514
              ],
              [
                -46.75933745767492,
                -21.96782797320725
              ],
              [
                -46.759441362308216,
                -21.967857042357398
              ],
              [
                -46.75957769536771,
                -21.96789180039338
              ],
              [
                -46.75968498422374,
                -21.96793290623556
              ],
              [
                -46.759765906492596,
                -21.967935057003952
              ],
              [
                -46.75992135459968,
                -21.96794546356413
              ],
              [
                -46.76006043974358,
                -21.96794095401753
              ],
              [
                -46.76022544528544,
                -21.96793918468273
              ],
              [
                -46.76041618523211,
                -21.967925066068826
              ],
              [
                -46.7605292382894,
                -21.967908762181594
              ],
              [
                -46.760674496504976,
                -21.967880039660777
              ],
              [
                -46.76073265930139,
                -21.967873379228617
              ],
              [
                -46.760906663927415,
                -21.967814165348983
              ]
            ]
          ]
        ]
      }
    },
    {
      "type": "Feature",
      "properties": {
        "ANO ENTRADA": 2024,
        "ÁREA TOTAL DA GLEBA/M²": 5478.39,
        "DATA DO CERTIFICADO": "2025-08-05",
        "EXPEDIENTE DISPENSA": "675/2024-D",
        "LOCALIZAÇÃO/ENDEREÇO": "RUA ALBERTO ZUNTA, RUA ANTÔNIO PIPOLO SOBRINHO E RUA DONA ELVIRA VIEIRA",
        "MUNICIPIO": "CANDIDO MOTA",
        "Nº DE UNIDADES HABITACIONAIS": 12,
        "PROPRIETARIO": "APARECIDA PANARO BERTONI E OUTROS",
        "SITUAÇÃO": "DISPENSADO",
        "TIPOLOGIA DA CONSTRUÇÃO": null
      },
      "geometry": {
        "type": "MultiPolygon",
        "coordinates": [
          [
            [
              [
                -50.395051469418114,
                -22.746694530817763
              ],
              [
                -50.39515845578349,
                -22.74685160135268
              ],
              [
                -50.39492791462084,
                -22.746996730545824
              ],
              [
                -50.39483431596557,
                -22.746859658402226
              ],
              [
                -50.39483431596557,
                -22.746859658402226
              ],
              [
                -50.39484471680494,
                -22.7468037935468
              ],
              [
                -50.395051469418114,
                -22.746694530817763
              ]
            ]
          ]
        ]
      }
    },
    {
      "type": "Feature",
      "properties": {
        "ANO ENTRADA": 2025,
        "ÁREA TOTAL DA GLEBA/M²": 5900.44,
        "DATA DO CERTIFICADO": "2025-08-12",
        "EXPEDIENTE DISPENSA": "461/2025-D",
        "LOCALIZAÇÃO/ENDEREÇO": "ALAMEDA HOMERO BORSARI, S/N°, ESQUINA DA RUA DALVA DA SILVA, BAIRRO VALE DO SOL",
        "MUNICIPIO": "JABOTICABAL",
        "Nº DE UNIDADES HABITACIONAIS": 16,
        "PROPRIETARIO": "FDB EMPREENDIMENTOS JABOTICABAL LTDA.",
        "SITUAÇÃO": "DISPENSADO",
        "TIPOLOGIA DA CONSTRUÇÃO": null
      },
      "geometry": {
        "type": "MultiPolygon",
        "coordinates": [
          [
            [
              [
                -48.334181089239834,
                -21.23861223770562
              ],
              [
                -48.33420898716045,
                -21.238611685706182
              ],
              [
                -48.33420898716045,
                -21.238611685706182
              ],
              [
                -48.3342391998046,
                -21.238576198581285
              ],
              [
                -48.33432328989129,
                -21.237490058351653
              ],
              [
                -48.33429124575845,
                -21.23744417328814
              ],
              [
                -48.33424752225491,
                -21.23743050118186
              ],
              [
                -48.33379799383684,
                -21.237436487427775
              ],
              [
                -48.333719445261906,
                -21.238493443749984
              ],
              [
                -48.334181089239834,
                -21.23861223770562
              ]
            ]
          ]
        ]
      }
    },
    {
      "type": "Feature",
      "properties": {
        "ANO ENTRADA": 2025,
        "ÁREA TOTAL DA GLEBA/M²": 2670,
        "DATA DO CERTIFICADO": "2025-08-12",
        "EXPEDIENTE DISPENSA": "488/2025-D",
        "LOCALIZAÇÃO/ENDEREÇO": "RUA CONSTANT ORTOLAN, QUADRA ÚNICA, ANEXO A ESTÂNCIA DORIGO E DESMEMBRAMENTO ESTÂNCIA DORIGO II",
        "MUNICIPIO": "ADAMANTINA",
        "Nº DE UNIDADES HABITACIONAIS": 13,
        "PROPRIETARIO": "MARIO DORIGO E OUTROS",
        "SITUAÇÃO": "DISPENSADO",
        "TIPOLOGIA DA CONSTRUÇÃO": null
      },
      "geometry": {
        "type": "MultiPolygon",
        "coordinates": [
          [
            [
              [
                -51.061682498768405,
                -21.705591769491992
              ],
              [
                -51.06152137334341,
                -21.70545975207731
              ],
              [
                -51.06042525528955,
                -21.706715266773926
              ],
              [
                -51.06060645338508,
                -21.706850276432075
              ],
              [
                -51.061682498768405,
                -21.705591769491992
              ]
            ]
          ]
        ]
      }
    },
    {
      "type": "Feature",
      "properties": {
        "ANO ENTRADA": 2025,
        "ÁREA TOTAL DA GLEBA/M²": 2750,
        "DATA DO CERTIFICADO": "2025-08-26",
        "EXPEDIENTE DISPENSA": "521/2025-D",
        "LOCALIZAÇÃO/ENDEREÇO": "RUA JOSÉ JERÔNIMO SIMÃO, BAIRRO DA ESTAÇÃO, QUADRA T",
        "MUNICIPIO": "NOVA GRANADA",
        "Nº DE UNIDADES HABITACIONAIS": 12,
        "PROPRIETARIO": "ARIANE DABIEN GARRIDO BARROSO",
        "SITUAÇÃO": "DISPENSADO",
        "TIPOLOGIA DA CONSTRUÇÃO": null
      },
      "geometry": {
        "type": "MultiPolygon",
        "coordinates": [
          [
            [
              [
                -49.32274853306632,
                -20.54481015662536
              ],
              [
                -49.32226026691428,
                -20.54446065634962
              ],
              [
                -49.32254222065474,
                -20.54411562949676
              ],
              [
                -49.32301536291232,
                -20.5444496949555
              ],
              [
                -49.32274853306632,
                -20.54481015662536
              ]
            ]
          ]
        ]
      }
    },
    {
      "type": "Feature",
      "properties": {
        "ANO ENTRADA": 2023,
        "ÁREA TOTAL DA GLEBA/M²": 5917.19,
        "DATA DO CERTIFICADO": "2025-09-16",
        "EXPEDIENTE DISPENSA": "543/2023-D",
        "LOCALIZAÇÃO/ENDEREÇO": "RUA ABRAÃO CAROLINO CARNEIRO, QUARTEIRÃO 04 E 05, LADO ÍMPAR",
        "MUNICIPIO": "AREALVA",
        "Nº DE UNIDADES HABITACIONAIS": 17,
        "PROPRIETARIO": "MARIO ZANIN FERREIRA E OUTROS",
        "SITUAÇÃO": "DISPENSADO",
        "TIPOLOGIA DA CONSTRUÇÃO": null
      },
      "geometry": {
        "type": "MultiPolygon",
        "coordinates": [
          [
            [
              [
                -49.03918048519132,
                -22.051530482114778
              ],
              [
                -49.03919925043686,
                -22.051819793512987
              ],
              [
                -49.03732217235266,
                -22.051861263645236
              ],
              [
                -49.03722292103792,
                -22.05161323142242
              ],
              [
                -49.03723503692483,
                -22.051576096232232
              ],
              [
                -49.037268770474846,
                -22.05155807282878
              ],
              [
                -49.03918048519132,
                -22.051530482114778
              ]
            ]
          ]
        ]
      }
    },
    {
      "type": "Feature",
      "properties": {
        "ANO ENTRADA": 2025,
        "ÁREA TOTAL DA GLEBA/M²": 4684.39,
        "DATA DO CERTIFICADO": "2025-09-16",
        "EXPEDIENTE DISPENSA": "575/2025-D",
        "LOCALIZAÇÃO/ENDEREÇO": "RUA JOÃO BATISTA AFONSO, LADO ÍMPAR, ESQUINA COM A RUA CATARINA BARIVIELI PASTORELLI, LADO ÍMPAR, QUADRA 352",
        "MUNICIPIO": "POTIRENDABA",
        "Nº DE UNIDADES HABITACIONAIS": 15,
        "PROPRIETARIO": "MUNICÍPIO DE POTIRENDABA",
        "SITUAÇÃO": "DISPENSADO",
        "TIPOLOGIA DA CONSTRUÇÃO": null
      },
      "geometry": {
        "type": "MultiPolygon",
        "coordinates": [
          [
            [
              [
                -49.38985002646275,
                -21.043975189735814
              ],
              [
                -49.3893452964441,
                -21.04399968499288
              ],
              [
                -49.389309121124064,
                -21.044012054998838
              ],
              [
                -49.38928274439964,
                -21.044047039296373
              ],
              [
                -49.38928274439964,
                -21.044047039296373
              ],
              [
                -49.38918429528193,
                -21.044738480690995
              ],
              [
                -49.389720376298435,
                -21.044744617476557
              ],
              [
                -49.38985002646275,
                -21.043975189735814
              ]
            ]
          ]
        ]
      }
    },
    {
      "type": "Feature",
      "properties": {
        "ANO ENTRADA": 2025,
        "ÁREA TOTAL DA GLEBA/M²": 9151.72,
        "DATA DO CERTIFICADO": "2025-09-16",
        "EXPEDIENTE DISPENSA": "640/2025-D",
        "LOCALIZAÇÃO/ENDEREÇO": "RUA FRANCISCO MORAES, JARDIM FLORENTINO BINHARDI",
        "MUNICIPIO": "BARRINHA",
        "Nº DE UNIDADES HABITACIONAIS": 50,
        "PROPRIETARIO": "PREFEITURA MUNICIPAL DE BARRINHA",
        "SITUAÇÃO": "DISPENSADO",
        "TIPOLOGIA DA CONSTRUÇÃO": null
      },
      "geometry": {
        "type": "MultiPolygon",
        "coordinates": [
          [
            [
              [
                -48.148006722609246,
                -21.18695246565399
              ],
              [
                -48.147471643707576,
                -21.1870443606514
              ],
              [
                -48.147166779652544,
                -21.185481413062007
              ],
              [
                -48.147178686682516,
                -21.185432645552623
              ],
              [
                -48.14761681092807,
                -21.18534559333215
              ],
              [
                -48.147662855137646,
                -21.185381144301104
              ],
              [
                -48.148006722609246,
                -21.18695246565399
              ]
            ]
          ]
        ]
      }
    },
    {
      "type": "Feature",
      "properties": {
        "ANO ENTRADA": 2025,
        "ÁREA TOTAL DA GLEBA/M²": 3454.16,
        "DATA DO CERTIFICADO": "2025-06-17",
        "EXPEDIENTE DISPENSA": "242/2025-D",
        "LOCALIZAÇÃO/ENDEREÇO": "RUA HERMÍNIA BALDACIN FERRARI, S/N°, LOTE 34, QUADRA C",
        "MUNICIPIO": "CERQUILHO",
        "Nº DE UNIDADES HABITACIONAIS": 7,
        "PROPRIETARIO": "LUIZ BENEDITO PAGOTTO",
        "SITUAÇÃO": "DISPENSADO",
        "TIPOLOGIA DA CONSTRUÇÃO": null
      },
      "geometry": {
        "type": "MultiPolygon",
        "coordinates": [
          [
            [
              [
                -47.76332115937412,
                -23.157427211413513
              ],
              [
                -47.7629784105625,
                -23.15754587869615
              ],
              [
                -47.762752528806466,
                -23.1570929764934
              ],
              [
                -47.76253156599755,
                -23.157209505659306
              ],
              [
                -47.76252989695484,
                -23.157128175212282
              ],
              [
                -47.76252989695484,
                -23.157128175212282
              ],
              [
                -47.76318614635232,
                -23.156784961858726
              ],
              [
                -47.76332115937412,
                -23.157427211413513
              ]
            ]
          ]
        ]
      }
    },
    {
      "type": "Feature",
      "properties": {
        "ANO ENTRADA": 2025,
        "ÁREA TOTAL DA GLEBA/M²": 27318.88,
        "DATA DO CERTIFICADO": "2025-09-30",
        "EXPEDIENTE DISPENSA": "668/2025-D",
        "LOCALIZAÇÃO/ENDEREÇO": "RUA ADA NEGRI X RUA FRANCISCO ARVANI X RUA GIBRALTAR, SANTO AMARO, DISTRITO DE SANTO AMARO",
        "MUNICIPIO": "SAO PAULO",
        "Nº DE UNIDADES HABITACIONAIS": 2,
        "PROPRIETARIO": "VR ALUGUÉIS E SERVICOS S.A.",
        "SITUAÇÃO": "DISPENSADO",
        "TIPOLOGIA DA CONSTRUÇÃO": null
      },
      "geometry": {
        "type": "MultiPolygon",
        "coordinates": [
          [
            [
              [
                -46.71650019228756,
                -23.65040006153958
              ],
              [
                -46.71654567685084,
                -23.64979595219244
              ],
              [
                -46.71628512424053,
                -23.649823418647852
              ],
              [
                -46.71623988035193,
                -23.649537138609386
              ],
              [
                -46.71560820012072,
                -23.649525012716413
              ],
              [
                -46.715375937874974,
                -23.649108821741123
              ],
              [
                -46.714801603695165,
                -23.648822150884218
              ],
              [
                -46.71428501915976,
                -23.648688904195236
              ],
              [
                -46.714155756005454,
                -23.648835336144522
              ],
              [
                -46.714104357668226,
                -23.648917468399066
              ],
              [
                -46.71430144096487,
                -23.64894247683017
              ],
              [
                -46.714293538080184,
                -23.64984580846896
              ],
              [
                -46.7148349797506,
                -23.649873048992863
              ],
              [
                -46.71487426574349,
                -23.650371060024895
              ],
              [
                -46.71650019228756,
                -23.65040006153958
              ]
            ]
          ]
        ]
      }
    },
    {
      "type": "Feature",
      "properties": {
        "ANO ENTRADA": 2025,
        "ÁREA TOTAL DA GLEBA/M²": 11241.04,
        "DATA DO CERTIFICADO": "2025-11-11",
        "EXPEDIENTE DISPENSA": "786/2025-D",
        "LOCALIZAÇÃO/ENDEREÇO": "ESTRADA DOS MIRANDAS, S/N.º, CAMPO LIMPO, DISTRITO DE CAMPO LIMPO",
        "MUNICIPIO": "SAO PAULO",
        "Nº DE UNIDADES HABITACIONAIS": 2,
        "PROPRIETARIO": "TIBÉRIO INCORPORAÇÕES E PARTICIPAÇÕES 29 LTDA.",
        "SITUAÇÃO": "DISPENSADO",
        "TIPOLOGIA DA CONSTRUÇÃO": null
      },
      "geometry": {
        "type": "MultiPolygon",
        "coordinates": [
          [
            [
              [
                -46.75358929271395,
                -23.616643663735598
              ],
              [
                -46.75319246756385,
                -23.61589125458817
              ],
              [
                -46.75331529058663,
                -23.61564958321506
              ],
              [
                -46.75379761795413,
                -23.615315744972865
              ],
              [
                -46.754219185444256,
                -23.615314984454344
              ],
              [
                -46.754676318434186,
                -23.616026661617212
              ],
              [
                -46.754495085999004,
                -23.616124824318458
              ],
              [
                -46.75451766686958,
                -23.616188644588675
              ],
              [
                -46.75358929271395,
                -23.616643663735598
              ]
            ]
          ]
        ]
      }
    },
    {
      "type": "Feature",
      "properties": {
        "ANO ENTRADA": 2025,
        "ÁREA TOTAL DA GLEBA/M²": 9109.56,
        "DATA DO CERTIFICADO": "2025-12-02",
        "EXPEDIENTE DISPENSA": "647/2025-D",
        "LOCALIZAÇÃO/ENDEREÇO": "RUA ZENÓBIO SACON - GLEBA 1, BAIRRO MATO DENTRO",
        "MUNICIPIO": "TIETE",
        "Nº DE UNIDADES HABITACIONAIS": 12,
        "PROPRIETARIO": "EZÍDIO GRANDO E LUZIA APARECIDA SACON GRANDO",
        "SITUAÇÃO": "DISPENSADO",
        "TIPOLOGIA DA CONSTRUÇÃO": null
      },
      "geometry": {
        "type": "MultiPolygon",
        "coordinates": [
          [
            [
              [
                -47.70547720416066,
                -23.12910073821227
              ],
              [
                -47.70541250359707,
                -23.128504409773665
              ],
              [
                -47.70425815943252,
                -23.12857299226212
              ],
              [
                -47.70431642447493,
                -23.129067826637748
              ],
              [
                -47.70547720416066,
                -23.12910073821227
              ]
            ]
          ]
        ]
      }
    },
    {
      "type": "Feature",
      "properties": {
        "ANO ENTRADA": 2026,
        "ÁREA TOTAL DA GLEBA/M²": 4333.01,
        "DATA DO CERTIFICADO": "2026-05-26",
        "EXPEDIENTE DISPENSA": "253/2026-D",
        "LOCALIZAÇÃO/ENDEREÇO": "RUA ALTINO BRAGUETO",
        "MUNICIPIO": "SALES OLIVEIRA",
        "Nº DE UNIDADES HABITACIONAIS": 24,
        "PROPRIETARIO": "PREFEITURA MUNICIPAL DE SALES DE OLIVEIRA",
        "SITUAÇÃO": "DISPENSADO",
        "TIPOLOGIA DA CONSTRUÇÃO": null
      },
      "geometry": {
        "type": "MultiPolygon",
        "coordinates": [
          [
            [
              [
                -47.84686016515221,
                -20.771615555582677
              ],
              [
                -47.84669231166376,
                -20.772072076636633
              ],
              [
                -47.84667962874291,
                -20.772163711611306
              ],
              [
                -47.846727941314164,
                -20.772244176608098
              ],
              [
                -47.84686894376221,
                -20.772275698785528
              ],
              [
                -47.847136234685976,
                -20.772322056384052
              ],
              [
                -47.84718302392179,
                -20.77232128019699
              ],
              [
                -47.84720322229499,
                -20.77224645101816
              ],
              [
                -47.84720724642731,
                -20.772077079477945
              ],
              [
                -47.84722634614572,
                -20.771751697442873
              ],
              [
                -47.84724701358714,
                -20.77131793433197
              ],
              [
                -47.84725565263565,
                -20.771202663761894
              ],
              [
                -47.84725387514473,
                -20.771107882564415
              ],
              [
                -47.847220276722574,
                -20.771044104094454
              ],
              [
                -47.84714077821134,
                -20.77102849235875
              ],
              [
                -47.8470939893719,
                -20.771029268488245
              ],
              [
                -47.847040573536866,
                -20.771060629397443
              ],
              [
                -47.84686016515221,
                -20.771615555582677
              ]
            ]
          ]
        ]
      }
    },
    {
      "type": "Feature",
      "properties": {
        "ANO ENTRADA": 2025,
        "ÁREA TOTAL DA GLEBA/M²": 35758.45,
        "DATA DO CERTIFICADO": "2026-01-13",
        "EXPEDIENTE DISPENSA": "886/2025-D",
        "LOCALIZAÇÃO/ENDEREÇO": "RUA TOMOICHI SHIMIZU, N.º 648 (PARTE DOS LOTES 186, 187 E 188), COLÔNIA, DISTRITO JOSÉ BONIFÁCIO",
        "MUNICIPIO": "SAO PAULO",
        "Nº DE UNIDADES HABITACIONAIS": 2,
        "PROPRIETARIO": "ADMINISTRADORA DE IMÓVEIS SHIRO YENDO LTDA.",
        "SITUAÇÃO": "DISPENSADO",
        "TIPOLOGIA DA CONSTRUÇÃO": null
      },
      "geometry": {
        "type": "MultiPolygon",
        "coordinates": [
          [
            [
              [
                -46.438299866466245,
                -23.57752947090749
              ],
              [
                -46.438144535624794,
                -23.577542221680737
              ],
              [
                -46.43799722223389,
                -23.577539814122712
              ],
              [
                -46.43780875343376,
                -23.57751516130166
              ],
              [
                -46.437595451854506,
                -23.57746434104777
              ],
              [
                -46.43747198586272,
                -23.57739760543119
              ],
              [
                -46.43746191512184,
                -23.577343659399055
              ],
              [
                -46.437038318448,
                -23.57663240273969
              ],
              [
                -46.4364035109535,
                -23.577016894512514
              ],
              [
                -46.43609339976765,
                -23.578918751650797
              ],
              [
                -46.43793049598144,
                -23.579301485784704
              ],
              [
                -46.438299866466245,
                -23.57752947090749
              ]
            ]
          ]
        ]
      }
    },
    {
      "type": "Feature",
      "properties": {
        "ANO ENTRADA": 2025,
        "ÁREA TOTAL DA GLEBA/M²": 1840.82,
        "DATA DO CERTIFICADO": "2025-12-16",
        "EXPEDIENTE DISPENSA": "746/2025-D",
        "LOCALIZAÇÃO/ENDEREÇO": "RUA LÁZARO RAMALHO, N° 525",
        "MUNICIPIO": "SERRA AZUL",
        "Nº DE UNIDADES HABITACIONAIS": 4,
        "PROPRIETARIO": "CONDOMÍNIO CHAMPAGNAT SPE LTDA.",
        "SITUAÇÃO": "DISPENSADO",
        "TIPOLOGIA DA CONSTRUÇÃO": null
      },
      "geometry": {
        "type": "MultiPolygon",
        "coordinates": [
          [
            [
              [
                -47.56067510982962,
                -21.308445093680888
              ],
              [
                -47.56053908946529,
                -21.308360150371847
              ],
              [
                -47.56062768703161,
                -21.308223839531966
              ],
              [
                -47.560308099044775,
                -21.3080440218007
              ],
              [
                -47.56010350115169,
                -21.30837566214841
              ],
              [
                -47.56054557136574,
                -21.308624647484702
              ],
              [
                -47.56067510982962,
                -21.308445093680888
              ]
            ]
          ]
        ]
      }
    },
    {
      "type": "Feature",
      "properties": {
        "ANO ENTRADA": 2025,
        "ÁREA TOTAL DA GLEBA/M²": 1840.82,
        "DATA DO CERTIFICADO": "2025-12-16",
        "EXPEDIENTE DISPENSA": "789/25-D",
        "LOCALIZAÇÃO/ENDEREÇO": "RUA LÁZARO RAMALHO, N° 525",
        "MUNICIPIO": "SERRA AZUL",
        "Nº DE UNIDADES HABITACIONAIS": 4,
        "PROPRIETARIO": "CONDOMÍNIO CHAMPAGNAT SPE LTDA.",
        "SITUAÇÃO": "DISPENSADO",
        "TIPOLOGIA DA CONSTRUÇÃO": null
      },
      "geometry": {
        "type": "MultiPolygon",
        "coordinates": [
          [
            [
              [
                -46.892548827336995,
                -23.739458942206753
              ],
              [
                -46.89253767645044,
                -23.7386872692163
              ],
              [
                -46.892632188095305,
                -23.73819496031486
              ],
              [
                -46.89270141004439,
                -23.73771075712135
              ],
              [
                -46.8926528789357,
                -23.737282568290787
              ],
              [
                -46.89264398114274,
                -23.736666788704287
              ],
              [
                -46.8926283058714,
                -23.73616803293439
              ],
              [
                -46.89263193018172,
                -23.73583275804192
              ],
              [
                -46.89260405111993,
                -23.7356615861219
              ],
              [
                -46.89196440105585,
                -23.735349778563208
              ],
              [
                -46.89154849990153,
                -23.735284704214823
              ],
              [
                -46.89134191315393,
                -23.73505335031385
              ],
              [
                -46.89115845050713,
                -23.73525049668255
              ],
              [
                -46.8910660453496,
                -23.736475609185852
              ],
              [
                -46.890586761985745,
                -23.737300059166976
              ],
              [
                -46.89021802811863,
                -23.737569635341767
              ],
              [
                -46.89003014242497,
                -23.738047493002075
              ],
              [
                -46.890117739933224,
                -23.738249119427604
              ],
              [
                -46.890240219437594,
                -23.738520483740086
              ],
              [
                -46.89069722945457,
                -23.738499301517034
              ],
              [
                -46.890749946273594,
                -23.738631189655937
              ],
              [
                -46.89070907247503,
                -23.73873303849561
              ],
              [
                -46.8907034182559,
                -23.73892800921144
              ],
              [
                -46.89069765151603,
                -23.739115185238546
              ],
              [
                -46.89124867938179,
                -23.73973992402261
              ],
              [
                -46.892548827336995,
                -23.739458942206753
              ]
            ]
          ]
        ]
      }
    },
    {
      "type": "Feature",
      "properties": {
        "ANO ENTRADA": 2026,
        "ÁREA TOTAL DA GLEBA/M²": 23639.49,
        "DATA DO CERTIFICADO": "2026-03-03",
        "EXPEDIENTE DISPENSA": "93/2026-D",
        "LOCALIZAÇÃO/ENDEREÇO": "RUA JOAQUIM LAPAS VEIGA, S/N° X RUA PAULO DA SILVA, S/N°, DISTRITO RIO PEQUENO",
        "MUNICIPIO": "SAO PAULO",
        "Nº DE UNIDADES HABITACIONAIS": 3,
        "PROPRIETARIO": "PLANO TIMBÓ EMPREENDIMENTOS IMOBILIÁRIOS LTDA.",
        "SITUAÇÃO": "DISPENSADO",
        "TIPOLOGIA DA CONSTRUÇÃO": null
      },
      "geometry": {
        "type": "MultiPolygon",
        "coordinates": [
          [
            [
              [
                -46.77372884754514,
                -23.58283837166621
              ],
              [
                -46.77387659214078,
                -23.58188911201554
              ],
              [
                -46.77634478859868,
                -23.58123718887759
              ],
              [
                -46.776634416476824,
                -23.581161909214956
              ],
              [
                -46.77670348971129,
                -23.58113713005752
              ],
              [
                -46.776755321530665,
                -23.58112054445873
              ],
              [
                -46.77680715333594,
                -23.58110395884337
              ],
              [
                -46.77685090270287,
                -23.581131445777544
              ],
              [
                -46.77680790688875,
                -23.58115992491883
              ],
              [
                -46.776760573794526,
                -23.581188453657834
              ],
              [
                -46.776760573794526,
                -23.581188453657834
              ],
              [
                -46.776382984545755,
                -23.581496634642818
              ],
              [
                -46.77613128233743,
                -23.58181137183711
              ],
              [
                -46.77608531027542,
                -23.58191702604486
              ],
              [
                -46.775981504084406,
                -23.582156337288062
              ],
              [
                -46.775895280850705,
                -23.58232583883766
              ],
              [
                -46.775619522535656,
                -23.58246492981329
              ],
              [
                -46.775158549931504,
                -23.582702093718602
              ],
              [
                -46.774671659191704,
                -23.582947548833772
              ],
              [
                -46.77372884754514,
                -23.58283837166621
              ]
            ]
          ]
        ]
      }
    },
    {
      "type": "Feature",
      "properties": {
        "ANO ENTRADA": 2026,
        "ÁREA TOTAL DA GLEBA/M²": 15996.3,
        "DATA DO CERTIFICADO": "2026-03-03",
        "EXPEDIENTE DISPENSA": "81/2026-D",
        "LOCALIZAÇÃO/ENDEREÇO": "RUA DORIVAL RODRIGUES PINTO, JARDIM PARAÍSO",
        "MUNICIPIO": "PROMISSAO",
        "Nº DE UNIDADES HABITACIONAIS": 17,
        "PROPRIETARIO": "RESIDENCIAL SERINGUEIRA LOTEAMENTO DE IMÓVEIS LTDA",
        "SITUAÇÃO": "DISPENSADO",
        "TIPOLOGIA DA CONSTRUÇÃO": null
      },
      "geometry": {
        "type": "MultiPolygon",
        "coordinates": [
          [
            [
              [
                -49.84544336095276,
                -21.546215566186095
              ],
              [
                -49.84701161910448,
                -21.54720214585285
              ],
              [
                -49.84765685987025,
                -21.54669774351129
              ],
              [
                -49.84770751906212,
                -21.546632295938824
              ],
              [
                -49.847707238979,
                -21.54653053154042
              ],
              [
                -49.84765785739072,
                -21.5464476447099
              ],
              [
                -49.84741363769327,
                -21.546300648400244
              ],
              [
                -49.84717591878974,
                -21.546162185602796
              ],
              [
                -49.84694352955544,
                -21.54609044627472
              ],
              [
                -49.84673976336608,
                -21.54603822720439
              ],
              [
                -49.84653706090643,
                -21.546017962572098
              ],
              [
                -49.84634406054553,
                -21.546009046207764
              ],
              [
                -49.84608031936579,
                -21.546022544882785
              ],
              [
                -49.84585490290825,
                -21.54606691251196
              ],
              [
                -49.84544336095276,
                -21.546215566186095
              ]
            ]
          ]
        ]
      }
    },
    {
      "type": "Feature",
      "properties": {
        "ANO ENTRADA": 2025,
        "ÁREA TOTAL DA GLEBA/M²": 12619.17,
        "DATA DO CERTIFICADO": "2026-02-24",
        "EXPEDIENTE DISPENSA": "782/2025-D",
        "LOCALIZAÇÃO/ENDEREÇO": "AV. EUZÉBIO PEREIRA BORGES",
        "MUNICIPIO": "CARDOSO",
        "Nº DE UNIDADES HABITACIONAIS": 25,
        "PROPRIETARIO": "RESIDENCIAL JÚLIA LAUDINO EMPREENDIMENTO IMOBILIÁRIO SPE LTDA.",
        "SITUAÇÃO": "DISPENSADO",
        "TIPOLOGIA DA CONSTRUÇÃO": null
      },
      "geometry": {
        "type": "MultiPolygon",
        "coordinates": [
          [
            [
              [
                -49.907507753079386,
                -20.09335813801898
              ],
              [
                -49.907030442747356,
                -20.09327576068706
              ],
              [
                -49.90771584046735,
                -20.090697261234904
              ],
              [
                -49.908124135704156,
                -20.09079950114212
              ],
              [
                -49.907507753079386,
                -20.09335813801898
              ]
            ]
          ]
        ]
      }
    },
    {
      "type": "Feature",
      "properties": {
        "ANO ENTRADA": 2026,
        "ÁREA TOTAL DA GLEBA/M²": 19547.56,
        "DATA DO CERTIFICADO": "2026-02-24",
        "EXPEDIENTE DISPENSA": "69/2026-D",
        "LOCALIZAÇÃO/ENDEREÇO": "RUA OLYMPIA SEMERARO, S/N°, JARDIM SANTA EMÍLIA, DISTRITO SACOMÃ",
        "MUNICIPIO": "SAO PAULO",
        "Nº DE UNIDADES HABITACIONAIS": 2,
        "PROPRIETARIO": "INTERCEPT PARTICIPAÇÕES LTDA.",
        "SITUAÇÃO": "DISPENSADO",
        "TIPOLOGIA DA CONSTRUÇÃO": null
      },
      "geometry": {
        "type": "MultiPolygon",
        "coordinates": [
          [
            [
              [
                -46.59246243874793,
                -23.6420027023773
              ],
              [
                -46.59190834899932,
                -23.64269786556731
              ],
              [
                -46.59057421876764,
                -23.64196060269069
              ],
              [
                -46.59108006571294,
                -23.641217632036682
              ],
              [
                -46.59246243874793,
                -23.6420027023773
              ]
            ]
          ]
        ]
      }
    },
    {
      "type": "Feature",
      "properties": {
        "ANO ENTRADA": 2026,
        "ÁREA TOTAL DA GLEBA/M²": 7024.44,
        "DATA DO CERTIFICADO": "2026-02-24",
        "EXPEDIENTE DISPENSA": "90/2026-D",
        "LOCALIZAÇÃO/ENDEREÇO": "RUA PAUL HARRIS X AVENIDA DAS ROSAS X ALAMEDA DAS MARGARIDAS E RUA WALTER MOTTA RAMAZZINI - ANEXO A VILA JARDIM",
        "MUNICIPIO": "ADAMANTINA",
        "Nº DE UNIDADES HABITACIONAIS": 18,
        "PROPRIETARIO": "ASSOCIAÇÃO DE ROTARIANOS DO ROTARY CLUB DE ADAMANTINA",
        "SITUAÇÃO": "DISPENSADO",
        "TIPOLOGIA DA CONSTRUÇÃO": null
      },
      "geometry": {
        "type": "MultiPolygon",
        "coordinates": [
          [
            [
              [
                -51.06540994043431,
                -21.679811868142373
              ],
              [
                -51.06545132791485,
                -21.67983167182707
              ],
              [
                -51.06587177244955,
                -21.68042748228005
              ],
              [
                -51.06587306415086,
                -21.680458233690032
              ],
              [
                -51.06522181139045,
                -21.680884884366524
              ],
              [
                -51.06518374925661,
                -21.680883911794613
              ],
              [
                -51.0647603770605,
                -21.680278730104888
              ],
              [
                -51.064788263607824,
                -21.680218478425903
              ],
              [
                -51.064788263607824,
                -21.680218478425903
              ],
              [
                -51.06540994043431,
                -21.679811868142373
              ]
            ]
          ]
        ]
      }
    },
    {
      "type": "Feature",
      "properties": {
        "ANO ENTRADA": null,
        "ÁREA TOTAL DA GLEBA/M²": null,
        "DATA DO CERTIFICADO": null,
        "EXPEDIENTE DISPENSA": "103/2026 - D",
        "LOCALIZAÇÃO/ENDEREÇO": null,
        "MUNICIPIO": null,
        "Nº DE UNIDADES HABITACIONAIS": null,
        "PROPRIETARIO": null,
        "SITUAÇÃO": null,
        "TIPOLOGIA DA CONSTRUÇÃO": null
      },
      "geometry": {
        "type": "MultiPolygon",
        "coordinates": [
          [
            [
              [
                -49.938344503569056,
                -21.465729331422164
              ],
              [
                -49.93842932964014,
                -21.465872809526587
              ],
              [
                -49.938370541961596,
                -21.465908239351133
              ],
              [
                -49.938187909993786,
                -21.46594733477344
              ],
              [
                -49.93807668222803,
                -21.46596934340906
              ],
              [
                -49.93803412695187,
                -21.466011779305642
              ],
              [
                -49.93696899123759,
                -21.465141163190058
              ],
              [
                -49.93711031799089,
                -21.464826286521426
              ],
              [
                -49.93724215140695,
                -21.464822385456916
              ],
              [
                -49.937818242877725,
                -21.465303197070014
              ],
              [
                -49.938344503569056,
                -21.465729331422164
              ]
            ]
          ]
        ]
      }
    },
    {
      "type": "Feature",
      "properties": {
        "ANO ENTRADA": 2026,
        "ÁREA TOTAL DA GLEBA/M²": 24865.5,
        "DATA DO CERTIFICADO": "2026-03-17",
        "EXPEDIENTE DISPENSA": "117/2026-D",
        "LOCALIZAÇÃO/ENDEREÇO": "AVENIDA MOFARREJ X RUA OTHÃO, BAIRRO VILA LEOPOLDINA, DISTRITO VILA LEOPOLDINA",
        "MUNICIPIO": "SAO PAULO",
        "Nº DE UNIDADES HABITACIONAIS": 3,
        "PROPRIETARIO": "CCISA205 INCORPORADORA LTDA.",
        "SITUAÇÃO": "DISPENSADO",
        "TIPOLOGIA DA CONSTRUÇÃO": null
      },
      "geometry": {
        "type": "MultiPolygon",
        "coordinates": [
          [
            [
              [
                -46.74338715377064,
                -23.529787191612172
              ],
              [
                -46.7427308628392,
                -23.53051936972992
              ],
              [
                -46.74143044116133,
                -23.529485931461473
              ],
              [
                -46.74088221395194,
                -23.530059923927155
              ],
              [
                -46.74261346827184,
                -23.531490197387253
              ],
              [
                -46.7438971106903,
                -23.53010926471265
              ],
              [
                -46.74338715377064,
                -23.529787191612172
              ]
            ]
          ]
        ]
      }
    },
    {
      "type": "Feature",
      "properties": {
        "ANO ENTRADA": 2026,
        "ÁREA TOTAL DA GLEBA/M²": 5839.15,
        "DATA DO CERTIFICADO": "2026-04-28",
        "EXPEDIENTE DISPENSA": "105/2026-D",
        "LOCALIZAÇÃO/ENDEREÇO": "RUA NIVALDO EMYDIO DA SILVA, BAIRRO RESIDENCIAL BOTÂNICO I",
        "MUNICIPIO": "MINEIROS DO TIETE",
        "Nº DE UNIDADES HABITACIONAIS": 46,
        "PROPRIETARIO": "PREFEITURA MUNICIPAL DE MINEIROS DO TIETÊ",
        "SITUAÇÃO": "DISPENSADO",
        "TIPOLOGIA DA CONSTRUÇÃO": null
      },
      "geometry": {
        "type": "MultiPolygon",
        "coordinates": [
          [
            [
              [
                -48.44305249163778,
                -22.423735039285674
              ],
              [
                -48.44302340730904,
                -22.422831396228208
              ],
              [
                -48.44302177491481,
                -22.4227652654231
              ],
              [
                -48.4429971321418,
                -22.422727982276523
              ],
              [
                -48.44294531453878,
                -22.422688128183292
              ],
              [
                -48.44287764948276,
                -22.422692722612773
              ],
              [
                -48.442772725879124,
                -22.42269811192561
              ],
              [
                -48.44268796964991,
                -22.422696769423084
              ],
              [
                -48.442659506227066,
                -22.42277929604954
              ],
              [
                -48.44269710545178,
                -22.423890706929612
              ],
              [
                -48.44270165857243,
                -22.42393787096215
              ],
              [
                -48.442743159658335,
                -22.423971643709166
              ],
              [
                -48.442787892470854,
                -22.423999046001764
              ],
              [
                -48.4429233793194,
                -22.42399615520308
              ],
              [
                -48.44301459971725,
                -22.423984756593374
              ],
              [
                -48.44305493480697,
                -22.423971292967583
              ],
              [
                -48.44305493480697,
                -22.423971292967583
              ],
              [
                -48.44305249163778,
                -22.423735039285674
              ]
            ]
          ]
        ]
      }
    },
    {
      "type": "Feature",
      "properties": {
        "ANO ENTRADA": 2026,
        "ÁREA TOTAL DA GLEBA/M²": 5182.11,
        "DATA DO CERTIFICADO": "2026-05-26",
        "EXPEDIENTE DISPENSA": "134/2026-D",
        "LOCALIZAÇÃO/ENDEREÇO": "RUA BELO HORIZONTE, CENTRO",
        "MUNICIPIO": "PARAPUA",
        "Nº DE UNIDADES HABITACIONAIS": 22,
        "PROPRIETARIO": "JURANDIR PICCIRILLI E MÁRCIA BUENO DUARTE PICCIRILLI",
        "SITUAÇÃO": "DISPENSADO",
        "TIPOLOGIA DA CONSTRUÇÃO": null
      },
      "geometry": {
        "type": "MultiPolygon",
        "coordinates": [
          [
            [
              [
                -50.792399722062555,
                -21.772893817032006
              ],
              [
                -50.79144120959667,
                -21.772791002783105
              ],
              [
                -50.7914185988323,
                -21.772970085289302
              ],
              [
                -50.79238239652153,
                -21.773055999214865
              ],
              [
                -50.792399722062555,
                -21.772893817032006
              ]
            ]
          ]
        ]
      }
    },
    {
      "type": "Feature",
      "properties": {
        "ANO ENTRADA": null,
        "ÁREA TOTAL DA GLEBA/M²": null,
        "DATA DO CERTIFICADO": null,
        "EXPEDIENTE DISPENSA": "242/2026 - D",
        "LOCALIZAÇÃO/ENDEREÇO": null,
        "MUNICIPIO": null,
        "Nº DE UNIDADES HABITACIONAIS": null,
        "PROPRIETARIO": null,
        "SITUAÇÃO": null,
        "TIPOLOGIA DA CONSTRUÇÃO": null
      },
      "geometry": {
        "type": "MultiPolygon",
        "coordinates": [
          [
            [
              [
                -50.31422421032679,
                -21.31296309241345
              ],
              [
                -50.314387922753674,
                -21.31356007480615
              ],
              [
                -50.313760278370765,
                -21.31365989362178
              ],
              [
                -50.31386268783697,
                -21.313976385318448
              ],
              [
                -50.31367811449363,
                -21.31406216668504
              ],
              [
                -50.313961774097784,
                -21.314831204428977
              ],
              [
                -50.31302051482086,
                -21.31522339107861
              ],
              [
                -50.313368825453594,
                -21.31352841302977
              ],
              [
                -50.313552741789316,
                -21.313266798015015
              ],
              [
                -50.31422421032679,
                -21.31296309241345
              ]
            ]
          ]
        ]
      }
    },
    {
      "type": "Feature",
      "properties": {
        "ANO ENTRADA": 2026,
        "ÁREA TOTAL DA GLEBA/M²": 20639.48,
        "DATA DO CERTIFICADO": "2026-06-30",
        "EXPEDIENTE DISPENSA": "329/2026-D",
        "LOCALIZAÇÃO/ENDEREÇO": "AV. ANTENOR PIMENTEL, ÁREA A1a - FAZENDA VARGEM GRANDE",
        "MUNICIPIO": "GUARUJa",
        "Nº DE UNIDADES HABITACIONAIS": 1,
        "PROPRIETARIO": "ROMÃ ADMINISTRAÇÃO E EMPREENDIMENTOS E PARTICIPAÇÕES",
        "SITUAÇÃO": "DISPENSADO",
        "TIPOLOGIA DA CONSTRUÇÃO": null
      },
      "geometry": {
        "type": "MultiPolygon",
        "coordinates": [
          [
            [
              [
                -46.25333852986084,
                -23.965956318533056
              ],
              [
                -46.252564084592194,
                -23.965645434790066
              ],
              [
                -46.2523225805124,
                -23.967527642940084
              ],
              [
                -46.25334076959774,
                -23.967961058186372
              ],
              [
                -46.25333852986084,
                -23.965956318533056
              ]
            ]
          ]
        ]
      }
    },
    {
      "type": "Feature",
      "properties": {
        "ANO ENTRADA": 2026,
        "ÁREA TOTAL DA GLEBA/M²": 34949,
        "DATA DO CERTIFICADO": "2026-06-02",
        "EXPEDIENTE DISPENSA": "225/2026-D",
        "LOCALIZAÇÃO/ENDEREÇO": "RUA PEDRO ÁLVARES CABRAL ESQUINA COM À AVENIDA DEPUTADO ULISSES GUIMARÃES, BAIRRO CAMPO DE EXPERIÊNCIA",
        "MUNICIPIO": "REGISTRO",
        "Nº DE UNIDADES HABITACIONAIS": 29,
        "PROPRIETARIO": "CATEMA EMPREENDIMENTOS IMOBILIÁRIOS LTDA.",
        "SITUAÇÃO": "DISPENSADO",
        "TIPOLOGIA DA CONSTRUÇÃO": null
      },
      "geometry": {
        "type": "MultiPolygon",
        "coordinates": [
          [
            [
              [
                -47.833774138218935,
                -24.509338011705587
              ],
              [
                -47.83474961720945,
                -24.510284085475245
              ],
              [
                -47.83491286085106,
                -24.5103323759661
              ],
              [
                -47.83505637713941,
                -24.510335384816333
              ],
              [
                -47.83515001926571,
                -24.51033933108021
              ],
              [
                -47.83504467427133,
                -24.51120299812414
              ],
              [
                -47.83481810308956,
                -24.511389866164368
              ],
              [
                -47.83253668580417,
                -24.511170230734407
              ],
              [
                -47.83253668580417,
                -24.511170230734407
              ],
              [
                -47.833774138218935,
                -24.509338011705587
              ]
            ]
          ]
        ]
      }
    },
    {
      "type": "Feature",
      "properties": {
        "ANO ENTRADA": 2026,
        "ÁREA TOTAL DA GLEBA/M²": 1275,
        "DATA DO CERTIFICADO": "2026-07-14",
        "EXPEDIENTE DISPENSA": "332/2026-D",
        "LOCALIZAÇÃO/ENDEREÇO": "RUA PARAÍSO, LOTE 23-C DA QUADRA 15, BAIRRO CINIRA",
        "MUNICIPIO": "ITAPECERICA DA SERRA",
        "Nº DE UNIDADES HABITACIONAIS": 5,
        "PROPRIETARIO": "RECOMPLASTIC COMÉRCIO E REVESTIMENTOS LTDA.",
        "SITUAÇÃO": "DISPENSADO",
        "TIPOLOGIA DA CONSTRUÇÃO": null
      },
      "geometry": {
        "type": "MultiPolygon",
        "coordinates": [
          [
            [
              [
                -46.80396381397583,
                -23.708798179827195
              ],
              [
                -46.80394663597867,
                -23.70865935263962
              ],
              [
                -46.80352150220764,
                -23.708709610452427
              ],
              [
                -46.803554010392965,
                -23.708852945309026
              ],
              [
                -46.80396381397583,
                -23.708798179827195
              ]
            ]
          ]
        ]
      }
    },
    {
      "type": "Feature",
      "properties": {
        "ANO ENTRADA": null,
        "ÁREA TOTAL DA GLEBA/M²": null,
        "DATA DO CERTIFICADO": null,
        "EXPEDIENTE DISPENSA": "351/2026 - D",
        "LOCALIZAÇÃO/ENDEREÇO": null,
        "MUNICIPIO": null,
        "Nº DE UNIDADES HABITACIONAIS": null,
        "PROPRIETARIO": null,
        "SITUAÇÃO": null,
        "TIPOLOGIA DA CONSTRUÇÃO": null
      },
      "geometry": {
        "type": "MultiPolygon",
        "coordinates": [
          [
            [
              [
                -46.76235572424507,
                -23.4036283442485
              ],
              [
                -46.762252269338205,
                -23.40311943505461
              ],
              [
                -46.76174529375665,
                -23.40292364767817
              ],
              [
                -46.76257368667974,
                -23.402350695377784
              ],
              [
                -46.763117347500206,
                -23.402714366676143
              ],
              [
                -46.7635317814106,
                -23.402709689543634
              ],
              [
                -46.764402430320715,
                -23.402725363960545
              ],
              [
                -46.76513369998891,
                -23.401607689890454
              ],
              [
                -46.76464428189088,
                -23.401166901671356
              ],
              [
                -46.765689093860146,
                -23.40077254192393
              ],
              [
                -46.766283106276134,
                -23.400765828442733
              ],
              [
                -46.76676355839144,
                -23.400530862824077
              ],
              [
                -46.76704824055184,
                -23.400119583416146
              ],
              [
                -46.7670950342945,
                -23.399481459994803
              ],
              [
                -46.76704614504126,
                -23.398920929866136
              ],
              [
                -46.76710810673696,
                -23.39838464995244
              ],
              [
                -46.76756024384196,
                -23.39809899495918
              ],
              [
                -46.767406799609454,
                -23.40111017506444
              ],
              [
                -46.76733102431623,
                -23.40164661117505
              ],
              [
                -46.7671649138697,
                -23.401622986174566
              ],
              [
                -46.76550809389016,
                -23.40275113000583
              ],
              [
                -46.76388880237165,
                -23.4035855402363
              ],
              [
                -46.76235572424507,
                -23.4036283442485
              ]
            ]
          ]
        ]
      }
    },
    {
      "type": "Feature",
      "properties": {
        "ANO ENTRADA": null,
        "ÁREA TOTAL DA GLEBA/M²": null,
        "DATA DO CERTIFICADO": null,
        "EXPEDIENTE DISPENSA": "180/2026 - D",
        "LOCALIZAÇÃO/ENDEREÇO": null,
        "MUNICIPIO": null,
        "Nº DE UNIDADES HABITACIONAIS": null,
        "PROPRIETARIO": null,
        "SITUAÇÃO": null,
        "TIPOLOGIA DA CONSTRUÇÃO": null
      },
      "geometry": {
        "type": "MultiPolygon",
        "coordinates": [
          [
            [
              [
                -50.41096109761506,
                -20.28738962248368
              ],
              [
                -50.41127321201787,
                -20.28721247117781
              ],
              [
                -50.41222239902162,
                -20.28876939366947
              ],
              [
                -50.41165031104469,
                -20.28907770136028
              ],
              [
                -50.411478397051155,
                -20.288886675350543
              ],
              [
                -50.411765855375116,
                -20.288704511738235
              ],
              [
                -50.41096109761506,
                -20.28738962248368
              ]
            ]
          ]
        ]
      }
    }
  ]
}